-- --------------------------------------------------------
-- Host:                         127.0.0.1
-- Server version:               5.7.36 - MySQL Community Server (GPL)
-- Server OS:                    Win32
-- HeidiSQL Version:             12.0.0.6468
-- --------------------------------------------------------

/*!40101 SET @OLD_CHARACTER_SET_CLIENT=@@CHARACTER_SET_CLIENT */;
/*!40101 SET NAMES utf8 */;
/*!50503 SET NAMES utf8mb4 */;
/*!40103 SET @OLD_TIME_ZONE=@@TIME_ZONE */;
/*!40103 SET TIME_ZONE='+00:00' */;
/*!40014 SET @OLD_FOREIGN_KEY_CHECKS=@@FOREIGN_KEY_CHECKS, FOREIGN_KEY_CHECKS=0 */;
/*!40101 SET @OLD_SQL_MODE=@@SQL_MODE, SQL_MODE='NO_AUTO_VALUE_ON_ZERO' */;
/*!40111 SET @OLD_SQL_NOTES=@@SQL_NOTES, SQL_NOTES=0 */;


-- Dumping database structure for gichecker
CREATE DATABASE IF NOT EXISTS `gichecker` /*!40100 DEFAULT CHARACTER SET utf8mb4 COLLATE utf8mb4_unicode_ci */;
USE `gichecker`;

-- Dumping structure for table gichecker.dag
CREATE TABLE IF NOT EXISTS `dag` (
  `id` int(10) unsigned NOT NULL AUTO_INCREMENT,
  `mouja_id` int(11) DEFAULT NULL,
  `sa_dag` int(11) DEFAULT NULL,
  `bs_dag` int(11) DEFAULT NULL,
  `sa_khatian` int(11) DEFAULT NULL,
  `bs_khatian` int(11) DEFAULT NULL,
  `sa_land_amount` int(11) DEFAULT NULL,
  `bs_land_amount` int(11) DEFAULT NULL,
  `interest_id` int(11) NOT NULL DEFAULT '0',
  PRIMARY KEY (`id`)
) ENGINE=InnoDB AUTO_INCREMENT=2048 DEFAULT CHARSET=utf8mb4 COLLATE=utf8mb4_unicode_ci;

-- Dumping data for table gichecker.dag: ~1,379 rows (approximately)
REPLACE INTO `dag` (`id`, `mouja_id`, `sa_dag`, `bs_dag`, `sa_khatian`, `bs_khatian`, `sa_land_amount`, `bs_land_amount`, `interest_id`) VALUES
	(1, 1, 10235, NULL, 0, NULL, 0, NULL, 5),
	(2, 1, 10294, NULL, 0, NULL, 0, NULL, 5),
	(3, 1, 10295, NULL, 0, NULL, 0, NULL, 5),
	(4, 1, 10297, NULL, 0, NULL, 0, NULL, 5),
	(5, 1, 10354, NULL, 0, NULL, 0, NULL, 5),
	(6, 1, 10355, NULL, 0, NULL, 0, NULL, 5),
	(7, 1, 10356, NULL, 0, NULL, 0, NULL, 5),
	(8, 1, 10357, NULL, 0, NULL, 0, NULL, 5),
	(9, 1, 10358, NULL, 0, NULL, 0, NULL, 5),
	(10, 1, 10363, NULL, 0, NULL, 0, NULL, 5),
	(11, 1, 10554, NULL, 0, NULL, 0, NULL, 5),
	(12, 1, 10633, NULL, 0, NULL, 0, NULL, 5),
	(13, 1, 10634, NULL, 0, NULL, 0, NULL, 5),
	(14, 1, 10635, NULL, 0, NULL, 0, NULL, 5),
	(15, 1, 10636, NULL, 0, NULL, 0, NULL, 5),
	(16, 1, 10637, NULL, 0, NULL, 0, NULL, 5),
	(17, 1, 10686, NULL, 0, NULL, 0, NULL, 5),
	(18, 1, 10724, NULL, 0, NULL, 0, NULL, 5),
	(19, 1, 10748, NULL, 0, NULL, 0, NULL, 5),
	(20, 1, 10767, NULL, 0, NULL, 0, NULL, 5),
	(21, 1, 10768, NULL, 0, NULL, 0, NULL, 5),
	(22, 1, 10769, NULL, 0, NULL, 0, NULL, 5),
	(23, 1, 10777, NULL, 0, NULL, 0, NULL, 5),
	(24, 1, 10852, NULL, 0, NULL, 0, NULL, 5),
	(25, 1, 11002, NULL, 0, NULL, 0, NULL, 5),
	(26, 1, 11006, NULL, 0, NULL, 0, NULL, 5),
	(27, 1, 11007, NULL, 0, NULL, 0, NULL, 5),
	(28, 1, 11008, NULL, 0, NULL, 0, NULL, 5),
	(29, 1, 11009, NULL, 0, NULL, 0, NULL, 5),
	(30, 1, 11015, NULL, 0, NULL, 0, NULL, 5),
	(31, 1, 11030, NULL, 0, NULL, 0, NULL, 5),
	(32, 1, 11048, NULL, 0, NULL, 0, NULL, 5),
	(33, 1, 11049, NULL, 0, NULL, 0, NULL, 5),
	(34, 1, 11076, NULL, 0, NULL, 0, NULL, 5),
	(35, 1, 11077, NULL, 0, NULL, 0, NULL, 5),
	(36, 1, 11079, NULL, 0, NULL, 0, NULL, 5),
	(37, 1, 11146, NULL, 0, NULL, 0, NULL, 5),
	(38, 1, 11147, NULL, 0, NULL, 0, NULL, 5),
	(39, 1, 11148, NULL, 0, NULL, 0, NULL, 5),
	(40, 1, 11149, NULL, 0, NULL, 0, NULL, 5),
	(41, 1, 11150, NULL, 0, NULL, 0, NULL, 5),
	(42, 1, 11156, NULL, 0, NULL, 0, NULL, 5),
	(43, 1, 11162, NULL, 0, NULL, 0, NULL, 5),
	(44, 1, 11277, NULL, 0, NULL, 0, NULL, 5),
	(45, 1, 1134, NULL, 0, NULL, 0, NULL, 5),
	(46, 1, 1138, NULL, 0, NULL, 0, NULL, 5),
	(47, 1, 1149, NULL, 0, NULL, 0, NULL, 5),
	(48, 1, 1156, NULL, 0, NULL, 0, NULL, 5),
	(49, 1, 1158, NULL, 0, NULL, 0, NULL, 5),
	(50, 1, 1159, NULL, 0, NULL, 0, NULL, 5),
	(51, 1, 1201, NULL, 0, NULL, 0, NULL, 5),
	(52, 1, 1203, NULL, 0, NULL, 0, NULL, 5),
	(53, 1, 1216, NULL, 0, NULL, 0, NULL, 5),
	(54, 1, 1312, NULL, 0, NULL, 0, NULL, 5),
	(55, 1, 1487, NULL, 0, NULL, 0, NULL, 5),
	(56, 1, 17, NULL, 0, NULL, 0, NULL, 5),
	(57, 1, 20, NULL, 0, NULL, 0, NULL, 5),
	(58, 1, 21, NULL, 0, NULL, 0, NULL, 5),
	(59, 1, 2140, NULL, 0, NULL, 0, NULL, 5),
	(60, 1, 2299, NULL, 0, NULL, 0, NULL, 5),
	(61, 1, 2387, NULL, 0, NULL, 0, NULL, 5),
	(62, 1, 2413, NULL, 0, NULL, 0, NULL, 5),
	(63, 1, 2429, NULL, 0, NULL, 0, NULL, 5),
	(64, 1, 27, NULL, 0, NULL, 0, NULL, 5),
	(65, 1, 28, NULL, 0, NULL, 0, NULL, 5),
	(66, 1, 29, NULL, 0, NULL, 0, NULL, 5),
	(67, 1, 30, NULL, 0, NULL, 0, NULL, 5),
	(68, 1, 313, NULL, 0, NULL, 0, NULL, 5),
	(69, 1, 3143, NULL, 0, NULL, 0, NULL, 5),
	(70, 1, 3144, NULL, 0, NULL, 0, NULL, 5),
	(71, 1, 3146, NULL, 0, NULL, 0, NULL, 5),
	(72, 1, 318, NULL, 0, NULL, 0, NULL, 5),
	(73, 1, 320, NULL, 0, NULL, 0, NULL, 5),
	(74, 1, 3627, NULL, 0, NULL, 0, NULL, 5),
	(75, 1, 3628, NULL, 0, NULL, 0, NULL, 5),
	(76, 1, 3641, NULL, 0, NULL, 0, NULL, 5),
	(77, 1, 3648, NULL, 0, NULL, 0, NULL, 5),
	(78, 1, 3656, NULL, 0, NULL, 0, NULL, 5),
	(79, 1, 3657, NULL, 0, NULL, 0, NULL, 5),
	(80, 1, 3658, NULL, 0, NULL, 0, NULL, 5),
	(81, 1, 3659, NULL, 0, NULL, 0, NULL, 5),
	(82, 1, 3679, NULL, 0, NULL, 0, NULL, 5),
	(83, 1, 3686, NULL, 0, NULL, 0, NULL, 5),
	(84, 1, 3689, NULL, 0, NULL, 0, NULL, 5),
	(85, 1, 372, NULL, 0, NULL, 0, NULL, 5),
	(86, 1, 3842, NULL, 0, NULL, 0, NULL, 5),
	(87, 1, 387, NULL, 0, NULL, 0, NULL, 5),
	(88, 1, 388, NULL, 0, NULL, 0, NULL, 5),
	(89, 1, 4086, NULL, 0, NULL, 0, NULL, 5),
	(90, 1, 4087, NULL, 0, NULL, 0, NULL, 5),
	(91, 1, 4088, NULL, 0, NULL, 0, NULL, 5),
	(92, 1, 4108, NULL, 0, NULL, 0, NULL, 5),
	(93, 1, 4110, NULL, 0, NULL, 0, NULL, 5),
	(94, 1, 4111, NULL, 0, NULL, 0, NULL, 5),
	(95, 1, 4113, NULL, 0, NULL, 0, NULL, 5),
	(96, 1, 4114, NULL, 0, NULL, 0, NULL, 5),
	(97, 1, 4155, NULL, 0, NULL, 0, NULL, 5),
	(98, 1, 419, NULL, 0, NULL, 0, NULL, 5),
	(99, 1, 479, NULL, 0, NULL, 0, NULL, 5),
	(100, 1, 485, NULL, 0, NULL, 0, NULL, 5),
	(101, 1, 486, NULL, 0, NULL, 0, NULL, 5),
	(102, 1, 487, NULL, 0, NULL, 0, NULL, 5),
	(103, 1, 4916, NULL, 0, NULL, 0, NULL, 5),
	(104, 1, 4919, NULL, 0, NULL, 0, NULL, 5),
	(105, 1, 4924, NULL, 0, NULL, 0, NULL, 5),
	(106, 1, 4971, NULL, 0, NULL, 0, NULL, 5),
	(107, 1, 4972, NULL, 0, NULL, 0, NULL, 5),
	(108, 1, 5033, NULL, 0, NULL, 0, NULL, 5),
	(109, 1, 5035, NULL, 0, NULL, 0, NULL, 5),
	(110, 1, 5036, NULL, 0, NULL, 0, NULL, 5),
	(111, 1, 5037, NULL, 0, NULL, 0, NULL, 5),
	(112, 1, 5038, NULL, 0, NULL, 0, NULL, 5),
	(113, 1, 5039, NULL, 0, NULL, 0, NULL, 5),
	(114, 1, 5040, NULL, 0, NULL, 0, NULL, 5),
	(115, 1, 5076, NULL, 0, NULL, 0, NULL, 5),
	(116, 1, 5079, NULL, 0, NULL, 0, NULL, 5),
	(117, 1, 5081, NULL, 0, NULL, 0, NULL, 5),
	(118, 1, 5237, NULL, 0, NULL, 0, NULL, 5),
	(119, 1, 5238, NULL, 0, NULL, 0, NULL, 5),
	(120, 1, 5239, NULL, 0, NULL, 0, NULL, 5),
	(121, 1, 5240, NULL, 0, NULL, 0, NULL, 5),
	(122, 1, 5241, NULL, 0, NULL, 0, NULL, 5),
	(123, 1, 5306, NULL, 0, NULL, 0, NULL, 5),
	(124, 1, 5341, NULL, 0, NULL, 0, NULL, 5),
	(125, 1, 5363, NULL, 0, NULL, 0, NULL, 5),
	(126, 1, 5412, NULL, 0, NULL, 0, NULL, 5),
	(127, 1, 5433, NULL, 0, NULL, 0, NULL, 5),
	(128, 1, 5464, NULL, 0, NULL, 0, NULL, 5),
	(129, 1, 5604, NULL, 0, NULL, 0, NULL, 5),
	(130, 1, 5606, NULL, 0, NULL, 0, NULL, 5),
	(131, 1, 5608, NULL, 0, NULL, 0, NULL, 5),
	(132, 1, 5629, NULL, 0, NULL, 0, NULL, 5),
	(133, 1, 5636, NULL, 0, NULL, 0, NULL, 5),
	(134, 1, 5641, NULL, 0, NULL, 0, NULL, 5),
	(135, 1, 5643, NULL, 0, NULL, 0, NULL, 5),
	(136, 1, 5655, NULL, 0, NULL, 0, NULL, 5),
	(137, 1, 57, NULL, 0, NULL, 0, NULL, 5),
	(138, 1, 5760, NULL, 0, NULL, 0, NULL, 5),
	(139, 1, 5794, NULL, 0, NULL, 0, NULL, 5),
	(140, 1, 5904, NULL, 0, NULL, 0, NULL, 5),
	(141, 1, 5908, NULL, 0, NULL, 0, NULL, 5),
	(142, 1, 5943, NULL, 0, NULL, 0, NULL, 5),
	(143, 1, 5944, NULL, 0, NULL, 0, NULL, 5),
	(144, 1, 5945, NULL, 0, NULL, 0, NULL, 5),
	(145, 1, 6, NULL, 0, NULL, 0, NULL, 5),
	(146, 1, 6116, NULL, 0, NULL, 0, NULL, 5),
	(147, 1, 6320, NULL, 0, NULL, 0, NULL, 5),
	(148, 1, 6322, NULL, 0, NULL, 0, NULL, 5),
	(149, 1, 6391, NULL, 0, NULL, 0, NULL, 5),
	(150, 1, 6650, NULL, 0, NULL, 0, NULL, 5),
	(151, 1, 6990, NULL, 0, NULL, 0, NULL, 5),
	(152, 1, 7133, NULL, 0, NULL, 0, NULL, 5),
	(153, 1, 7190, NULL, 0, NULL, 0, NULL, 5),
	(154, 1, 7295, NULL, 0, NULL, 0, NULL, 5),
	(155, 1, 7296, NULL, 0, NULL, 0, NULL, 5),
	(156, 1, 7305, NULL, 0, NULL, 0, NULL, 5),
	(157, 1, 7317, NULL, 0, NULL, 0, NULL, 5),
	(158, 1, 7318, NULL, 0, NULL, 0, NULL, 5),
	(159, 1, 7331, NULL, 0, NULL, 0, NULL, 5),
	(160, 1, 7332, NULL, 0, NULL, 0, NULL, 5),
	(161, 1, 7335, NULL, 0, NULL, 0, NULL, 5),
	(162, 1, 7338, NULL, 0, NULL, 0, NULL, 5),
	(163, 1, 7339, NULL, 0, NULL, 0, NULL, 5),
	(164, 1, 7340, NULL, 0, NULL, 0, NULL, 5),
	(165, 1, 7343, NULL, 0, NULL, 0, NULL, 5),
	(166, 1, 7344, NULL, 0, NULL, 0, NULL, 5),
	(167, 1, 7345, NULL, 0, NULL, 0, NULL, 5),
	(168, 1, 7413, NULL, 0, NULL, 0, NULL, 5),
	(169, 1, 7518, NULL, 0, NULL, 0, NULL, 5),
	(170, 1, 7520, NULL, 0, NULL, 0, NULL, 5),
	(171, 1, 7532, NULL, 0, NULL, 0, NULL, 5),
	(172, 1, 7546, NULL, 0, NULL, 0, NULL, 5),
	(173, 1, 7548, NULL, 0, NULL, 0, NULL, 5),
	(174, 1, 7552, NULL, 0, NULL, 0, NULL, 5),
	(175, 1, 7556, NULL, 0, NULL, 0, NULL, 5),
	(176, 1, 7559, NULL, 0, NULL, 0, NULL, 5),
	(177, 1, 7564, NULL, 0, NULL, 0, NULL, 5),
	(178, 1, 7570, NULL, 0, NULL, 0, NULL, 5),
	(179, 1, 7571, NULL, 0, NULL, 0, NULL, 5),
	(180, 1, 7574, NULL, 0, NULL, 0, NULL, 5),
	(181, 1, 7582, NULL, 0, NULL, 0, NULL, 5),
	(182, 1, 7584, NULL, 0, NULL, 0, NULL, 5),
	(183, 1, 7587, NULL, 0, NULL, 0, NULL, 5),
	(184, 1, 7588, NULL, 0, NULL, 0, NULL, 5),
	(185, 1, 7594, NULL, 0, NULL, 0, NULL, 5),
	(186, 1, 7612, NULL, 0, NULL, 0, NULL, 5),
	(187, 1, 7618, NULL, 0, NULL, 0, NULL, 5),
	(188, 1, 7622, NULL, 0, NULL, 0, NULL, 5),
	(189, 1, 7625, NULL, 0, NULL, 0, NULL, 5),
	(190, 1, 7752, NULL, 0, NULL, 0, NULL, 5),
	(191, 1, 7753, NULL, 0, NULL, 0, NULL, 5),
	(192, 1, 7755, NULL, 0, NULL, 0, NULL, 5),
	(193, 1, 796, NULL, 0, NULL, 0, NULL, 5),
	(194, 1, 797, NULL, 0, NULL, 0, NULL, 5),
	(195, 1, 800, NULL, 0, NULL, 0, NULL, 5),
	(196, 1, 803, NULL, 0, NULL, 0, NULL, 5),
	(197, 1, 8040, NULL, 0, NULL, 0, NULL, 5),
	(198, 1, 8041, NULL, 0, NULL, 0, NULL, 5),
	(199, 1, 8059, NULL, 0, NULL, 0, NULL, 5),
	(200, 1, 8071, NULL, 0, NULL, 0, NULL, 5),
	(201, 1, 808, NULL, 0, NULL, 0, NULL, 5),
	(202, 1, 8122, NULL, 0, NULL, 0, NULL, 5),
	(203, 1, 8152, NULL, 0, NULL, 0, NULL, 5),
	(204, 1, 8166, NULL, 0, NULL, 0, NULL, 5),
	(205, 1, 822, NULL, 0, NULL, 0, NULL, 5),
	(206, 1, 832, NULL, 0, NULL, 0, NULL, 5),
	(207, 1, 843, NULL, 0, NULL, 0, NULL, 5),
	(208, 1, 852, NULL, 0, NULL, 0, NULL, 5),
	(209, 1, 853, NULL, 0, NULL, 0, NULL, 5),
	(210, 1, 859, NULL, 0, NULL, 0, NULL, 5),
	(211, 1, 865, NULL, 0, NULL, 0, NULL, 5),
	(212, 1, 881, NULL, 0, NULL, 0, NULL, 5),
	(213, 1, 8812, NULL, 0, NULL, 0, NULL, 5),
	(214, 1, 8814, NULL, 0, NULL, 0, NULL, 5),
	(215, 1, 882, NULL, 0, NULL, 0, NULL, 5),
	(216, 1, 883, NULL, 0, NULL, 0, NULL, 5),
	(217, 1, 9083, NULL, 0, NULL, 0, NULL, 5),
	(218, 1, 9084, NULL, 0, NULL, 0, NULL, 5),
	(219, 1, 9085, NULL, 0, NULL, 0, NULL, 5),
	(220, 1, 9089, NULL, 0, NULL, 0, NULL, 5),
	(221, 1, 952, NULL, 0, NULL, 0, NULL, 5),
	(222, 1, 958, NULL, 0, NULL, 0, NULL, 5),
	(223, 1, 959, NULL, 0, NULL, 0, NULL, 5),
	(224, 1, 831, NULL, 0, NULL, 0, NULL, 8),
	(225, 1, 937, NULL, 0, NULL, 0, NULL, 8),
	(226, 1, 938, NULL, 0, NULL, 0, NULL, 8),
	(227, 1, 1003, NULL, 0, NULL, 0, NULL, 8),
	(228, 1, 1007, NULL, 0, NULL, 0, NULL, 8),
	(229, 1, 1219, NULL, 0, NULL, 0, NULL, 8),
	(230, 1, 1288, NULL, 0, NULL, 0, NULL, 8),
	(231, 1, 1304, NULL, 0, NULL, 0, NULL, 8),
	(232, 1, 1306, NULL, 0, NULL, 0, NULL, 8),
	(233, 1, 1313, NULL, 0, NULL, 0, NULL, 8),
	(234, 1, 2207, NULL, 0, NULL, 0, NULL, 8),
	(235, 1, 2217, NULL, 0, NULL, 0, NULL, 8),
	(236, 1, 2218, NULL, 0, NULL, 0, NULL, 8),
	(237, 1, 2219, NULL, 0, NULL, 0, NULL, 8),
	(238, 1, 2220, NULL, 0, NULL, 0, NULL, 8),
	(239, 1, 2221, NULL, 0, NULL, 0, NULL, 8),
	(240, 1, 2343, NULL, 0, NULL, 0, NULL, 8),
	(241, 1, 2344, NULL, 0, NULL, 0, NULL, 8),
	(242, 1, 3003, NULL, 0, NULL, 0, NULL, 8),
	(243, 1, 3004, NULL, 0, NULL, 0, NULL, 8),
	(244, 1, 3005, NULL, 0, NULL, 0, NULL, 8),
	(245, 1, 3006, NULL, 0, NULL, 0, NULL, 8),
	(246, 1, 3048, NULL, 0, NULL, 0, NULL, 8),
	(247, 1, 3049, NULL, 0, NULL, 0, NULL, 8),
	(248, 1, 3050, NULL, 0, NULL, 0, NULL, 8),
	(249, 1, 3074, NULL, 0, NULL, 0, NULL, 8),
	(250, 1, 3113, NULL, 0, NULL, 0, NULL, 8),
	(251, 1, 3133, NULL, 0, NULL, 0, NULL, 8),
	(252, 1, 3134, NULL, 0, NULL, 0, NULL, 8),
	(253, 1, 3135, NULL, 0, NULL, 0, NULL, 8),
	(254, 1, 3136, NULL, 0, NULL, 0, NULL, 8),
	(255, 1, 3137, NULL, 0, NULL, 0, NULL, 8),
	(256, 1, 3142, NULL, 0, NULL, 0, NULL, 8),
	(257, 1, 3148, NULL, 0, NULL, 0, NULL, 8),
	(258, 1, 3149, NULL, 0, NULL, 0, NULL, 8),
	(259, 1, 3153, NULL, 0, NULL, 0, NULL, 8),
	(260, 1, 3181, NULL, 0, NULL, 0, NULL, 8),
	(261, 1, 3219, NULL, 0, NULL, 0, NULL, 8),
	(262, 1, 3221, NULL, 0, NULL, 0, NULL, 8),
	(263, 1, 3229, NULL, 0, NULL, 0, NULL, 8),
	(264, 1, 3230, NULL, 0, NULL, 0, NULL, 8),
	(265, 1, 3234, NULL, 0, NULL, 0, NULL, 8),
	(266, 1, 4529, NULL, 0, NULL, 0, NULL, 8),
	(267, 1, 4533, NULL, 0, NULL, 0, NULL, 8),
	(268, 1, 4535, NULL, 0, NULL, 0, NULL, 8),
	(269, 1, 4536, NULL, 0, NULL, 0, NULL, 8),
	(270, 1, 4537, NULL, 0, NULL, 0, NULL, 8),
	(271, 1, 4538, NULL, 0, NULL, 0, NULL, 8),
	(272, 1, 4539, NULL, 0, NULL, 0, NULL, 8),
	(273, 1, 4540, NULL, 0, NULL, 0, NULL, 8),
	(274, 1, 4553, NULL, 0, NULL, 0, NULL, 8),
	(275, 1, 4580, NULL, 0, NULL, 0, NULL, 8),
	(276, 1, 4613, NULL, 0, NULL, 0, NULL, 8),
	(277, 1, 4614, NULL, 0, NULL, 0, NULL, 8),
	(278, 1, 4618, NULL, 0, NULL, 0, NULL, 8),
	(279, 1, 4625, NULL, 0, NULL, 0, NULL, 8),
	(280, 1, 4626, NULL, 0, NULL, 0, NULL, 8),
	(281, 1, 4667, NULL, 0, NULL, 0, NULL, 8),
	(282, 1, 4669, NULL, 0, NULL, 0, NULL, 8),
	(283, 1, 4687, NULL, 0, NULL, 0, NULL, 8),
	(284, 1, 4688, NULL, 0, NULL, 0, NULL, 8),
	(285, 1, 4689, NULL, 0, NULL, 0, NULL, 8),
	(286, 1, 4690, NULL, 0, NULL, 0, NULL, 8),
	(287, 1, 4691, NULL, 0, NULL, 0, NULL, 8),
	(288, 1, 4692, NULL, 0, NULL, 0, NULL, 8),
	(289, 1, 4693, NULL, 0, NULL, 0, NULL, 8),
	(290, 1, 4694, NULL, 0, NULL, 0, NULL, 8),
	(291, 1, 4750, NULL, 0, NULL, 0, NULL, 8),
	(292, 1, 4751, NULL, 0, NULL, 0, NULL, 8),
	(293, 1, 4752, NULL, 0, NULL, 0, NULL, 8),
	(294, 1, 4754, NULL, 0, NULL, 0, NULL, 8),
	(295, 1, 4763, NULL, 0, NULL, 0, NULL, 8),
	(296, 1, 5187, NULL, 0, NULL, 0, NULL, 8),
	(297, 1, 5188, NULL, 0, NULL, 0, NULL, 8),
	(298, 1, 5565, NULL, 0, NULL, 0, NULL, 8),
	(299, 1, 5715, NULL, 0, NULL, 0, NULL, 8),
	(300, 1, 6114, NULL, 0, NULL, 0, NULL, 8),
	(301, 1, 6115, NULL, 0, NULL, 0, NULL, 8),
	(302, 1, 6116, NULL, 0, NULL, 0, NULL, 8),
	(303, 1, 6320, NULL, 0, NULL, 0, NULL, 8),
	(304, 1, 6325, NULL, 0, NULL, 0, NULL, 8),
	(305, 1, 6489, NULL, 0, NULL, 0, NULL, 8),
	(306, 1, 6490, NULL, 0, NULL, 0, NULL, 8),
	(307, 1, 6491, NULL, 0, NULL, 0, NULL, 8),
	(308, 1, 6492, NULL, 0, NULL, 0, NULL, 8),
	(309, 1, 6542, NULL, 0, NULL, 0, NULL, 8),
	(310, 1, 6543, NULL, 0, NULL, 0, NULL, 8),
	(311, 1, 6556, NULL, 0, NULL, 0, NULL, 8),
	(312, 1, 6630, NULL, 0, NULL, 0, NULL, 8),
	(313, 1, 6633, NULL, 0, NULL, 0, NULL, 8),
	(314, 1, 7013, NULL, 0, NULL, 0, NULL, 8),
	(315, 1, 7025, NULL, 0, NULL, 0, NULL, 8),
	(316, 1, 7026, NULL, 0, NULL, 0, NULL, 8),
	(317, 1, 7027, NULL, 0, NULL, 0, NULL, 8),
	(318, 1, 7039, NULL, 0, NULL, 0, NULL, 8),
	(319, 1, 7040, NULL, 0, NULL, 0, NULL, 8),
	(320, 1, 7044, NULL, 0, NULL, 0, NULL, 8),
	(321, 1, 7045, NULL, 0, NULL, 0, NULL, 8),
	(322, 1, 7049, NULL, 0, NULL, 0, NULL, 8),
	(323, 1, 7050, NULL, 0, NULL, 0, NULL, 8),
	(324, 1, 7051, NULL, 0, NULL, 0, NULL, 8),
	(325, 1, 7053, NULL, 0, NULL, 0, NULL, 8),
	(326, 1, 7054, NULL, 0, NULL, 0, NULL, 8),
	(327, 1, 7056, NULL, 0, NULL, 0, NULL, 8),
	(328, 1, 7058, NULL, 0, NULL, 0, NULL, 8),
	(329, 1, 7059, NULL, 0, NULL, 0, NULL, 8),
	(330, 1, 7069, NULL, 0, NULL, 0, NULL, 8),
	(331, 1, 7076, NULL, 0, NULL, 0, NULL, 8),
	(332, 1, 7083, NULL, 0, NULL, 0, NULL, 8),
	(333, 1, 7107, NULL, 0, NULL, 0, NULL, 8),
	(334, 1, 7155, NULL, 0, NULL, 0, NULL, 8),
	(335, 1, 7156, NULL, 0, NULL, 0, NULL, 8),
	(336, 1, 7162, NULL, 0, NULL, 0, NULL, 8),
	(337, 1, 7175, NULL, 0, NULL, 0, NULL, 8),
	(338, 1, 7179, NULL, 0, NULL, 0, NULL, 8),
	(339, 1, 7180, NULL, 0, NULL, 0, NULL, 8),
	(340, 1, 7223, NULL, 0, NULL, 0, NULL, 8),
	(341, 1, 7224, NULL, 0, NULL, 0, NULL, 8),
	(342, 1, 7229, NULL, 0, NULL, 0, NULL, 8),
	(343, 1, 7256, NULL, 0, NULL, 0, NULL, 8),
	(344, 1, 7258, NULL, 0, NULL, 0, NULL, 8),
	(345, 1, 7259, NULL, 0, NULL, 0, NULL, 8),
	(346, 1, 7260, NULL, 0, NULL, 0, NULL, 8),
	(347, 1, 7354, NULL, 0, NULL, 0, NULL, 8),
	(348, 1, 7491, NULL, 0, NULL, 0, NULL, 8),
	(349, 1, 7493, NULL, 0, NULL, 0, NULL, 8),
	(350, 1, 7498, NULL, 0, NULL, 0, NULL, 8),
	(351, 1, 7499, NULL, 0, NULL, 0, NULL, 8),
	(352, 1, 7663, NULL, 0, NULL, 0, NULL, 8),
	(353, 1, 7664, NULL, 0, NULL, 0, NULL, 8),
	(354, 1, 7665, NULL, 0, NULL, 0, NULL, 8),
	(355, 1, 7666, NULL, 0, NULL, 0, NULL, 8),
	(356, 1, 7793, NULL, 0, NULL, 0, NULL, 8),
	(357, 1, 7795, NULL, 0, NULL, 0, NULL, 8),
	(358, 1, 7797, NULL, 0, NULL, 0, NULL, 8),
	(359, 1, 7798, NULL, 0, NULL, 0, NULL, 8),
	(360, 1, 7799, NULL, 0, NULL, 0, NULL, 8),
	(361, 1, 7800, NULL, 0, NULL, 0, NULL, 8),
	(362, 1, 7802, NULL, 0, NULL, 0, NULL, 8),
	(363, 1, 7803, NULL, 0, NULL, 0, NULL, 8),
	(364, 1, 7949, NULL, 0, NULL, 0, NULL, 8),
	(365, 1, 7950, NULL, 0, NULL, 0, NULL, 8),
	(366, 1, 7954, NULL, 0, NULL, 0, NULL, 8),
	(367, 1, 7959, NULL, 0, NULL, 0, NULL, 8),
	(368, 1, 7962, NULL, 0, NULL, 0, NULL, 8),
	(369, 1, 7966, NULL, 0, NULL, 0, NULL, 8),
	(370, 1, 7967, NULL, 0, NULL, 0, NULL, 8),
	(371, 1, 7970, NULL, 0, NULL, 0, NULL, 8),
	(372, 1, 8019, NULL, 0, NULL, 0, NULL, 8),
	(373, 1, 8419, NULL, 0, NULL, 0, NULL, 8),
	(374, 1, 8471, NULL, 0, NULL, 0, NULL, 8),
	(375, 1, 8472, NULL, 0, NULL, 0, NULL, 8),
	(376, 1, 8498, NULL, 0, NULL, 0, NULL, 8),
	(377, 1, 8499, NULL, 0, NULL, 0, NULL, 8),
	(378, 1, 8503, NULL, 0, NULL, 0, NULL, 8),
	(379, 1, 8506, NULL, 0, NULL, 0, NULL, 8),
	(380, 1, 8508, NULL, 0, NULL, 0, NULL, 8),
	(381, 1, 8510, NULL, 0, NULL, 0, NULL, 8),
	(382, 1, 8560, NULL, 0, NULL, 0, NULL, 8),
	(383, 1, 8933, NULL, 0, NULL, 0, NULL, 8),
	(384, 1, 8934, NULL, 0, NULL, 0, NULL, 8),
	(385, 1, 8935, NULL, 0, NULL, 0, NULL, 8),
	(386, 1, 8983, NULL, 0, NULL, 0, NULL, 8),
	(387, 1, 8998, NULL, 0, NULL, 0, NULL, 8),
	(388, 1, 9228, NULL, 0, NULL, 0, NULL, 8),
	(389, 1, 10940, NULL, 0, NULL, 0, NULL, 8),
	(390, 1, 10944, NULL, 0, NULL, 0, NULL, 8),
	(391, 1, 10956, NULL, 0, NULL, 0, NULL, 8),
	(392, 1, 1004, NULL, 0, NULL, 0, NULL, 1),
	(393, 1, 10101, NULL, 0, NULL, 0, NULL, 1),
	(394, 1, 10103, NULL, 0, NULL, 0, NULL, 1),
	(395, 1, 10133, NULL, 0, NULL, 0, NULL, 1),
	(396, 1, 10144, NULL, 0, NULL, 0, NULL, 1),
	(397, 1, 10145, NULL, 0, NULL, 0, NULL, 1),
	(398, 1, 10156, NULL, 0, NULL, 0, NULL, 1),
	(399, 1, 10220, NULL, 0, NULL, 0, NULL, 1),
	(400, 1, 10236, NULL, 0, NULL, 0, NULL, 1),
	(401, 1, 10257, NULL, 0, NULL, 0, NULL, 1),
	(402, 1, 10265, NULL, 0, NULL, 0, NULL, 1),
	(403, 1, 10275, NULL, 0, NULL, 0, NULL, 1),
	(404, 1, 10281, NULL, 0, NULL, 0, NULL, 1),
	(405, 1, 10298, NULL, 0, NULL, 0, NULL, 1),
	(406, 1, 10299, NULL, 0, NULL, 0, NULL, 1),
	(407, 1, 10304, NULL, 0, NULL, 0, NULL, 1),
	(408, 1, 10325, NULL, 0, NULL, 0, NULL, 1),
	(409, 1, 10457, NULL, 0, NULL, 0, NULL, 1),
	(410, 1, 10458, NULL, 0, NULL, 0, NULL, 1),
	(411, 1, 10503, NULL, 0, NULL, 0, NULL, 1),
	(412, 1, 10519, NULL, 0, NULL, 0, NULL, 1),
	(413, 1, 10523, NULL, 0, NULL, 0, NULL, 1),
	(414, 1, 10540, NULL, 0, NULL, 0, NULL, 1),
	(415, 1, 10544, NULL, 0, NULL, 0, NULL, 1),
	(416, 1, 1055, NULL, 0, NULL, 0, NULL, 1),
	(417, 1, 10564, NULL, 0, NULL, 0, NULL, 1),
	(418, 1, 10566, NULL, 0, NULL, 0, NULL, 1),
	(419, 1, 10567, NULL, 0, NULL, 0, NULL, 1),
	(420, 1, 10598, NULL, 0, NULL, 0, NULL, 1),
	(421, 1, 10599, NULL, 0, NULL, 0, NULL, 1),
	(422, 1, 10602, NULL, 0, NULL, 0, NULL, 1),
	(423, 1, 10607, NULL, 0, NULL, 0, NULL, 1),
	(424, 1, 10610, NULL, 0, NULL, 0, NULL, 1),
	(425, 1, 10611, NULL, 0, NULL, 0, NULL, 1),
	(426, 1, 1064, NULL, 0, NULL, 0, NULL, 1),
	(427, 1, 10645, NULL, 0, NULL, 0, NULL, 1),
	(428, 1, 10649, NULL, 0, NULL, 0, NULL, 1),
	(429, 1, 10661, NULL, 0, NULL, 0, NULL, 1),
	(430, 1, 10667, NULL, 0, NULL, 0, NULL, 1),
	(431, 1, 1067, NULL, 0, NULL, 0, NULL, 1),
	(432, 1, 10685, NULL, 0, NULL, 0, NULL, 1),
	(433, 1, 10699, NULL, 0, NULL, 0, NULL, 1),
	(434, 1, 1070, NULL, 0, NULL, 0, NULL, 1),
	(435, 1, 10700, NULL, 0, NULL, 0, NULL, 1),
	(436, 1, 10707, NULL, 0, NULL, 0, NULL, 1),
	(437, 1, 10731, NULL, 0, NULL, 0, NULL, 1),
	(438, 1, 10743, NULL, 0, NULL, 0, NULL, 1),
	(439, 1, 10746, NULL, 0, NULL, 0, NULL, 1),
	(440, 1, 10756, NULL, 0, NULL, 0, NULL, 1),
	(441, 1, 1077, NULL, 0, NULL, 0, NULL, 1),
	(442, 1, 10770, NULL, 0, NULL, 0, NULL, 1),
	(443, 1, 10783, NULL, 0, NULL, 0, NULL, 1),
	(444, 1, 10809, NULL, 0, NULL, 0, NULL, 1),
	(445, 1, 10819, NULL, 0, NULL, 0, NULL, 1),
	(446, 1, 10833, NULL, 0, NULL, 0, NULL, 1),
	(447, 1, 10835, NULL, 0, NULL, 0, NULL, 1),
	(448, 1, 10836, NULL, 0, NULL, 0, NULL, 1),
	(449, 1, 10841, NULL, 0, NULL, 0, NULL, 1),
	(450, 1, 10847, NULL, 0, NULL, 0, NULL, 1),
	(451, 1, 10855, NULL, 0, NULL, 0, NULL, 1),
	(452, 1, 10904, NULL, 0, NULL, 0, NULL, 1),
	(453, 1, 10907, NULL, 0, NULL, 0, NULL, 1),
	(454, 1, 10987, NULL, 0, NULL, 0, NULL, 1),
	(455, 1, 10997, NULL, 0, NULL, 0, NULL, 1),
	(456, 1, 10999, NULL, 0, NULL, 0, NULL, 1),
	(457, 1, 11025, NULL, 0, NULL, 0, NULL, 1),
	(458, 1, 11032, NULL, 0, NULL, 0, NULL, 1),
	(459, 1, 11080, NULL, 0, NULL, 0, NULL, 1),
	(460, 1, 11095, NULL, 0, NULL, 0, NULL, 1),
	(461, 1, 11108, NULL, 0, NULL, 0, NULL, 1),
	(462, 1, 11109, NULL, 0, NULL, 0, NULL, 1),
	(463, 1, 11110, NULL, 0, NULL, 0, NULL, 1),
	(464, 1, 11139, NULL, 0, NULL, 0, NULL, 1),
	(465, 1, 11140, NULL, 0, NULL, 0, NULL, 1),
	(466, 1, 11141, NULL, 0, NULL, 0, NULL, 1),
	(467, 1, 11188, NULL, 0, NULL, 0, NULL, 1),
	(468, 1, 11195, NULL, 0, NULL, 0, NULL, 1),
	(469, 1, 11216, NULL, 0, NULL, 0, NULL, 1),
	(470, 1, 11229, NULL, 0, NULL, 0, NULL, 1),
	(471, 1, 11234, NULL, 0, NULL, 0, NULL, 1),
	(472, 1, 11238, NULL, 0, NULL, 0, NULL, 1),
	(473, 1, 11240, NULL, 0, NULL, 0, NULL, 1),
	(474, 1, 11257, NULL, 0, NULL, 0, NULL, 1),
	(475, 1, 11269, NULL, 0, NULL, 0, NULL, 1),
	(476, 1, 11286, NULL, 0, NULL, 0, NULL, 1),
	(477, 1, 11289, NULL, 0, NULL, 0, NULL, 1),
	(478, 1, 1129, NULL, 0, NULL, 0, NULL, 1),
	(479, 1, 11290, NULL, 0, NULL, 0, NULL, 1),
	(480, 1, 1202, NULL, 0, NULL, 0, NULL, 1),
	(481, 1, 1248, NULL, 0, NULL, 0, NULL, 1),
	(482, 1, 1249, NULL, 0, NULL, 0, NULL, 1),
	(483, 1, 1261, NULL, 0, NULL, 0, NULL, 1),
	(484, 1, 1270, NULL, 0, NULL, 0, NULL, 1),
	(485, 1, 1275, NULL, 0, NULL, 0, NULL, 1),
	(486, 1, 1284, NULL, 0, NULL, 0, NULL, 1),
	(487, 1, 1294, NULL, 0, NULL, 0, NULL, 1),
	(488, 1, 2001, NULL, 0, NULL, 0, NULL, 1),
	(489, 1, 2026, NULL, 0, NULL, 0, NULL, 1),
	(490, 1, 2042, NULL, 0, NULL, 0, NULL, 1),
	(491, 1, 2044, NULL, 0, NULL, 0, NULL, 1),
	(492, 1, 2055, NULL, 0, NULL, 0, NULL, 1),
	(493, 1, 2468, NULL, 0, NULL, 0, NULL, 1),
	(494, 1, 2081, NULL, 0, NULL, 0, NULL, 1),
	(495, 1, 2083, NULL, 0, NULL, 0, NULL, 1),
	(496, 1, 2095, NULL, 0, NULL, 0, NULL, 1),
	(497, 1, 2096, NULL, 0, NULL, 0, NULL, 1),
	(498, 1, 2098, NULL, 0, NULL, 0, NULL, 1),
	(499, 1, 2100, NULL, 0, NULL, 0, NULL, 1),
	(500, 1, 2108, NULL, 0, NULL, 0, NULL, 1),
	(501, 1, 2109, NULL, 0, NULL, 0, NULL, 1),
	(502, 1, 2110, NULL, 0, NULL, 0, NULL, 1),
	(503, 1, 2111, NULL, 0, NULL, 0, NULL, 1),
	(504, 1, 2117, NULL, 0, NULL, 0, NULL, 1),
	(505, 1, 2120, NULL, 0, NULL, 0, NULL, 1),
	(506, 1, 2121, NULL, 0, NULL, 0, NULL, 1),
	(507, 1, 2123, NULL, 0, NULL, 0, NULL, 1),
	(508, 1, 2124, NULL, 0, NULL, 0, NULL, 1),
	(509, 1, 2144, NULL, 0, NULL, 0, NULL, 1),
	(510, 1, 2146, NULL, 0, NULL, 0, NULL, 1),
	(511, 1, 2153, NULL, 0, NULL, 0, NULL, 1),
	(512, 1, 2173, NULL, 0, NULL, 0, NULL, 1),
	(513, 1, 2185, NULL, 0, NULL, 0, NULL, 1),
	(514, 1, 2200, NULL, 0, NULL, 0, NULL, 1),
	(515, 1, 2206, NULL, 0, NULL, 0, NULL, 1),
	(516, 1, 2224, NULL, 0, NULL, 0, NULL, 1),
	(517, 1, 2236, NULL, 0, NULL, 0, NULL, 1),
	(518, 1, 2247, NULL, 0, NULL, 0, NULL, 1),
	(519, 1, 2254, NULL, 0, NULL, 0, NULL, 1),
	(520, 1, 2285, NULL, 0, NULL, 0, NULL, 1),
	(521, 1, 2313, NULL, 0, NULL, 0, NULL, 1),
	(522, 1, 2338, NULL, 0, NULL, 0, NULL, 1),
	(523, 1, 236, NULL, 0, NULL, 0, NULL, 1),
	(524, 1, 2372, NULL, 0, NULL, 0, NULL, 1),
	(525, 1, 2376, NULL, 0, NULL, 0, NULL, 1),
	(526, 1, 2377, NULL, 0, NULL, 0, NULL, 1),
	(527, 1, 2382, NULL, 0, NULL, 0, NULL, 1),
	(528, 1, 2384, NULL, 0, NULL, 0, NULL, 1),
	(529, 1, 2385, NULL, 0, NULL, 0, NULL, 1),
	(530, 1, 2388, NULL, 0, NULL, 0, NULL, 1),
	(531, 1, 2392, NULL, 0, NULL, 0, NULL, 1),
	(532, 1, 2397, NULL, 0, NULL, 0, NULL, 1),
	(533, 1, 2412, NULL, 0, NULL, 0, NULL, 1),
	(534, 1, 2434, NULL, 0, NULL, 0, NULL, 1),
	(535, 1, 2456, NULL, 0, NULL, 0, NULL, 1),
	(536, 1, 2458, NULL, 0, NULL, 0, NULL, 1),
	(537, 1, 2459, NULL, 0, NULL, 0, NULL, 1),
	(538, 1, 2462, NULL, 0, NULL, 0, NULL, 1),
	(539, 1, 2463, NULL, 0, NULL, 0, NULL, 1),
	(540, 1, 2464, NULL, 0, NULL, 0, NULL, 1),
	(541, 1, 2467, NULL, 0, NULL, 0, NULL, 1),
	(542, 1, 2468, NULL, 0, NULL, 0, NULL, 1),
	(543, 1, 2470, NULL, 0, NULL, 0, NULL, 1),
	(544, 1, 2472, NULL, 0, NULL, 0, NULL, 1),
	(545, 1, 2473, NULL, 0, NULL, 0, NULL, 1),
	(546, 1, 2476, NULL, 0, NULL, 0, NULL, 1),
	(547, 1, 2477, NULL, 0, NULL, 0, NULL, 1),
	(548, 1, 248, NULL, 0, NULL, 0, NULL, 1),
	(549, 1, 2480, NULL, 0, NULL, 0, NULL, 1),
	(550, 1, 2481, NULL, 0, NULL, 0, NULL, 1),
	(551, 1, 2482, NULL, 0, NULL, 0, NULL, 1),
	(552, 1, 2483, NULL, 0, NULL, 0, NULL, 1),
	(553, 1, 2484, NULL, 0, NULL, 0, NULL, 1),
	(554, 1, 2485, NULL, 0, NULL, 0, NULL, 1),
	(555, 1, 2486, NULL, 0, NULL, 0, NULL, 1),
	(556, 1, 2487, NULL, 0, NULL, 0, NULL, 1),
	(557, 1, 2497, NULL, 0, NULL, 0, NULL, 1),
	(558, 1, 261, NULL, 0, NULL, 0, NULL, 1),
	(559, 1, 3, NULL, 0, NULL, 0, NULL, 1),
	(560, 1, 30, NULL, 0, NULL, 0, NULL, 1),
	(561, 1, 3001, NULL, 0, NULL, 0, NULL, 1),
	(562, 1, 3002, NULL, 0, NULL, 0, NULL, 1),
	(563, 1, 301, NULL, 0, NULL, 0, NULL, 1),
	(564, 1, 3051, NULL, 0, NULL, 0, NULL, 1),
	(565, 1, 3053, NULL, 0, NULL, 0, NULL, 1),
	(566, 1, 3057, NULL, 0, NULL, 0, NULL, 1),
	(567, 1, 3059, NULL, 0, NULL, 0, NULL, 1),
	(568, 1, 3060, NULL, 0, NULL, 0, NULL, 1),
	(569, 1, 3061, NULL, 0, NULL, 0, NULL, 1),
	(570, 1, 3062, NULL, 0, NULL, 0, NULL, 1),
	(571, 1, 3064, NULL, 0, NULL, 0, NULL, 1),
	(572, 1, 3065, NULL, 0, NULL, 0, NULL, 1),
	(573, 1, 3066, NULL, 0, NULL, 0, NULL, 1),
	(574, 1, 3067, NULL, 0, NULL, 0, NULL, 1),
	(575, 1, 3070, NULL, 0, NULL, 0, NULL, 1),
	(576, 1, 3079, NULL, 0, NULL, 0, NULL, 1),
	(577, 1, 3091, NULL, 0, NULL, 0, NULL, 1),
	(578, 1, 3092, NULL, 0, NULL, 0, NULL, 1),
	(579, 1, 3093, NULL, 0, NULL, 0, NULL, 1),
	(580, 1, 3094, NULL, 0, NULL, 0, NULL, 1),
	(581, 1, 3095, NULL, 0, NULL, 0, NULL, 1),
	(582, 1, 3096, NULL, 0, NULL, 0, NULL, 1),
	(583, 1, 3101, NULL, 0, NULL, 0, NULL, 1),
	(584, 1, 3102, NULL, 0, NULL, 0, NULL, 1),
	(585, 1, 3105, NULL, 0, NULL, 0, NULL, 1),
	(586, 1, 3115, NULL, 0, NULL, 0, NULL, 1),
	(587, 1, 3122, NULL, 0, NULL, 0, NULL, 1),
	(588, 1, 3130, NULL, 0, NULL, 0, NULL, 1),
	(589, 1, 3132, NULL, 0, NULL, 0, NULL, 1),
	(590, 1, 3139, NULL, 0, NULL, 0, NULL, 1),
	(591, 1, 3154, NULL, 0, NULL, 0, NULL, 1),
	(592, 1, 3155, NULL, 0, NULL, 0, NULL, 1),
	(593, 1, 3158, NULL, 0, NULL, 0, NULL, 1),
	(594, 1, 3172, NULL, 0, NULL, 0, NULL, 1),
	(595, 1, 3176, NULL, 0, NULL, 0, NULL, 1),
	(596, 1, 3177, NULL, 0, NULL, 0, NULL, 1),
	(597, 1, 3233, NULL, 0, NULL, 0, NULL, 1),
	(598, 1, 3247, NULL, 0, NULL, 0, NULL, 1),
	(599, 1, 3273, NULL, 0, NULL, 0, NULL, 1),
	(600, 1, 3286, NULL, 0, NULL, 0, NULL, 1),
	(601, 1, 3287, NULL, 0, NULL, 0, NULL, 1),
	(602, 1, 346, NULL, 0, NULL, 0, NULL, 1),
	(603, 1, 3601, NULL, 0, NULL, 0, NULL, 1),
	(604, 1, 3602, NULL, 0, NULL, 0, NULL, 1),
	(605, 1, 3611, NULL, 0, NULL, 0, NULL, 1),
	(606, 1, 3612, NULL, 0, NULL, 0, NULL, 1),
	(607, 1, 3614, NULL, 0, NULL, 0, NULL, 1),
	(608, 1, 362, NULL, 0, NULL, 0, NULL, 1),
	(609, 1, 3620, NULL, 0, NULL, 0, NULL, 1),
	(610, 1, 3639, NULL, 0, NULL, 0, NULL, 1),
	(611, 1, 3640, NULL, 0, NULL, 0, NULL, 1),
	(612, 1, 3642, NULL, 0, NULL, 0, NULL, 1),
	(613, 1, 3649, NULL, 0, NULL, 0, NULL, 1),
	(614, 1, 3660, NULL, 0, NULL, 0, NULL, 1),
	(615, 1, 3705, NULL, 0, NULL, 0, NULL, 1),
	(616, 1, 3740, NULL, 0, NULL, 0, NULL, 1),
	(617, 1, 3764, NULL, 0, NULL, 0, NULL, 1),
	(618, 1, 3778, NULL, 0, NULL, 0, NULL, 1),
	(619, 1, 3818, NULL, 0, NULL, 0, NULL, 1),
	(620, 1, 3837, NULL, 0, NULL, 0, NULL, 1),
	(621, 1, 3843, NULL, 0, NULL, 0, NULL, 1),
	(622, 1, 4001, NULL, 0, NULL, 0, NULL, 1),
	(623, 1, 4002, NULL, 0, NULL, 0, NULL, 1),
	(624, 1, 4004, NULL, 0, NULL, 0, NULL, 1),
	(625, 1, 4006, NULL, 0, NULL, 0, NULL, 1),
	(626, 1, 4012, NULL, 0, NULL, 0, NULL, 1),
	(627, 1, 4017, NULL, 0, NULL, 0, NULL, 1),
	(628, 1, 4037, NULL, 0, NULL, 0, NULL, 1),
	(629, 1, 4038, NULL, 0, NULL, 0, NULL, 1),
	(630, 1, 4039, NULL, 0, NULL, 0, NULL, 1),
	(631, 1, 4040, NULL, 0, NULL, 0, NULL, 1),
	(632, 1, 4043, NULL, 0, NULL, 0, NULL, 1),
	(633, 1, 4051, NULL, 0, NULL, 0, NULL, 1),
	(634, 1, 4057, NULL, 0, NULL, 0, NULL, 1),
	(635, 1, 4061, NULL, 0, NULL, 0, NULL, 1),
	(636, 1, 4067, NULL, 0, NULL, 0, NULL, 1),
	(637, 1, 4085, NULL, 0, NULL, 0, NULL, 1),
	(638, 1, 4104, NULL, 0, NULL, 0, NULL, 1),
	(639, 1, 4115, NULL, 0, NULL, 0, NULL, 1),
	(640, 1, 4120, NULL, 0, NULL, 0, NULL, 1),
	(641, 1, 4129, NULL, 0, NULL, 0, NULL, 1),
	(642, 1, 4132, NULL, 0, NULL, 0, NULL, 1),
	(643, 1, 4140, NULL, 0, NULL, 0, NULL, 1),
	(644, 1, 4141, NULL, 0, NULL, 0, NULL, 1),
	(645, 1, 4142, NULL, 0, NULL, 0, NULL, 1),
	(646, 1, 4204, NULL, 0, NULL, 0, NULL, 1),
	(647, 1, 4501, NULL, 0, NULL, 0, NULL, 1),
	(648, 1, 4502, NULL, 0, NULL, 0, NULL, 1),
	(649, 1, 4503, NULL, 0, NULL, 0, NULL, 1),
	(650, 1, 4516, NULL, 0, NULL, 0, NULL, 1),
	(651, 1, 4519, NULL, 0, NULL, 0, NULL, 1),
	(652, 1, 4520, NULL, 0, NULL, 0, NULL, 1),
	(653, 1, 4521, NULL, 0, NULL, 0, NULL, 1),
	(654, 1, 4522, NULL, 0, NULL, 0, NULL, 1),
	(655, 1, 4523, NULL, 0, NULL, 0, NULL, 1),
	(656, 1, 4554, NULL, 0, NULL, 0, NULL, 1),
	(657, 1, 4644, NULL, 0, NULL, 0, NULL, 1),
	(658, 1, 4645, NULL, 0, NULL, 0, NULL, 1),
	(659, 1, 4649, NULL, 0, NULL, 0, NULL, 1),
	(660, 1, 4650, NULL, 0, NULL, 0, NULL, 1),
	(661, 1, 4651, NULL, 0, NULL, 0, NULL, 1),
	(662, 1, 4652, NULL, 0, NULL, 0, NULL, 1),
	(663, 1, 4654, NULL, 0, NULL, 0, NULL, 1),
	(664, 1, 4657, NULL, 0, NULL, 0, NULL, 1),
	(665, 1, 4658, NULL, 0, NULL, 0, NULL, 1),
	(666, 1, 4659, NULL, 0, NULL, 0, NULL, 1),
	(667, 1, 466, NULL, 0, NULL, 0, NULL, 1),
	(668, 1, 4661, NULL, 0, NULL, 0, NULL, 1),
	(669, 1, 4662, NULL, 0, NULL, 0, NULL, 1),
	(670, 1, 470, NULL, 0, NULL, 0, NULL, 1),
	(671, 1, 471, NULL, 0, NULL, 0, NULL, 1),
	(672, 1, 4710, NULL, 0, NULL, 0, NULL, 1),
	(673, 1, 4711, NULL, 0, NULL, 0, NULL, 1),
	(674, 1, 4717, NULL, 0, NULL, 0, NULL, 1),
	(675, 1, 4718, NULL, 0, NULL, 0, NULL, 1),
	(676, 1, 472, NULL, 0, NULL, 0, NULL, 1),
	(677, 1, 4753, NULL, 0, NULL, 0, NULL, 1),
	(678, 1, 48, NULL, 0, NULL, 0, NULL, 1),
	(679, 1, 4806, NULL, 0, NULL, 0, NULL, 1),
	(680, 1, 4807, NULL, 0, NULL, 0, NULL, 1),
	(681, 1, 4812, NULL, 0, NULL, 0, NULL, 1),
	(682, 1, 4821, NULL, 0, NULL, 0, NULL, 1),
	(683, 1, 4831, NULL, 0, NULL, 0, NULL, 1),
	(684, 1, 4902, NULL, 0, NULL, 0, NULL, 1),
	(685, 1, 4934, NULL, 0, NULL, 0, NULL, 1),
	(686, 1, 4935, NULL, 0, NULL, 0, NULL, 1),
	(687, 1, 4938, NULL, 0, NULL, 0, NULL, 1),
	(688, 1, 4978, NULL, 0, NULL, 0, NULL, 1),
	(689, 1, 4989, NULL, 0, NULL, 0, NULL, 1),
	(690, 1, 5003, NULL, 0, NULL, 0, NULL, 1),
	(691, 1, 5006, NULL, 0, NULL, 0, NULL, 1),
	(692, 1, 5008, NULL, 0, NULL, 0, NULL, 1),
	(693, 1, 503, NULL, 0, NULL, 0, NULL, 1),
	(694, 1, 5042, NULL, 0, NULL, 0, NULL, 1),
	(695, 1, 5045, NULL, 0, NULL, 0, NULL, 1),
	(696, 1, 5054, NULL, 0, NULL, 0, NULL, 1),
	(697, 1, 5056, NULL, 0, NULL, 0, NULL, 1),
	(698, 1, 5067, NULL, 0, NULL, 0, NULL, 1),
	(699, 1, 5071, NULL, 0, NULL, 0, NULL, 1),
	(700, 1, 5083, NULL, 0, NULL, 0, NULL, 1),
	(701, 1, 5093, NULL, 0, NULL, 0, NULL, 1),
	(702, 1, 5094, NULL, 0, NULL, 0, NULL, 1),
	(703, 1, 5095, NULL, 0, NULL, 0, NULL, 1),
	(704, 1, 5096, NULL, 0, NULL, 0, NULL, 1),
	(705, 1, 51, NULL, 0, NULL, 0, NULL, 1),
	(706, 1, 5105, NULL, 0, NULL, 0, NULL, 1),
	(707, 1, 5138, NULL, 0, NULL, 0, NULL, 1),
	(708, 1, 5139, NULL, 0, NULL, 0, NULL, 1),
	(709, 1, 5141, NULL, 0, NULL, 0, NULL, 1),
	(710, 1, 5173, NULL, 0, NULL, 0, NULL, 1),
	(711, 1, 5186, NULL, 0, NULL, 0, NULL, 1),
	(712, 1, 5245, NULL, 0, NULL, 0, NULL, 1),
	(713, 1, 5246, NULL, 0, NULL, 0, NULL, 1),
	(714, 1, 5247, NULL, 0, NULL, 0, NULL, 1),
	(715, 1, 5248, NULL, 0, NULL, 0, NULL, 1),
	(716, 1, 5250, NULL, 0, NULL, 0, NULL, 1),
	(717, 1, 5262, NULL, 0, NULL, 0, NULL, 1),
	(718, 1, 5263, NULL, 0, NULL, 0, NULL, 1),
	(719, 1, 5270, NULL, 0, NULL, 0, NULL, 1),
	(720, 1, 5293, NULL, 0, NULL, 0, NULL, 1),
	(721, 1, 5313, NULL, 0, NULL, 0, NULL, 1),
	(722, 1, 5318, NULL, 0, NULL, 0, NULL, 1),
	(723, 1, 532, NULL, 0, NULL, 0, NULL, 1),
	(724, 1, 5331, NULL, 0, NULL, 0, NULL, 1),
	(725, 1, 5335, NULL, 0, NULL, 0, NULL, 1),
	(726, 1, 5336, NULL, 0, NULL, 0, NULL, 1),
	(727, 1, 5337, NULL, 0, NULL, 0, NULL, 1),
	(728, 1, 5339, NULL, 0, NULL, 0, NULL, 1),
	(729, 1, 5401, NULL, 0, NULL, 0, NULL, 1),
	(730, 1, 5430, NULL, 0, NULL, 0, NULL, 1),
	(731, 1, 5431, NULL, 0, NULL, 0, NULL, 1),
	(732, 1, 5432, NULL, 0, NULL, 0, NULL, 1),
	(733, 1, 5446, NULL, 0, NULL, 0, NULL, 1),
	(734, 1, 5451, NULL, 0, NULL, 0, NULL, 1),
	(735, 1, 5453, NULL, 0, NULL, 0, NULL, 1),
	(736, 1, 5467, NULL, 0, NULL, 0, NULL, 1),
	(737, 1, 5468, NULL, 0, NULL, 0, NULL, 1),
	(738, 1, 5469, NULL, 0, NULL, 0, NULL, 1),
	(739, 1, 5481, NULL, 0, NULL, 0, NULL, 1),
	(740, 1, 5486, NULL, 0, NULL, 0, NULL, 1),
	(741, 1, 5492, NULL, 0, NULL, 0, NULL, 1),
	(742, 1, 5493, NULL, 0, NULL, 0, NULL, 1),
	(743, 1, 5513, NULL, 0, NULL, 0, NULL, 1),
	(744, 1, 5514, NULL, 0, NULL, 0, NULL, 1),
	(745, 1, 5531, NULL, 0, NULL, 0, NULL, 1),
	(746, 1, 5541, NULL, 0, NULL, 0, NULL, 1),
	(747, 1, 5543, NULL, 0, NULL, 0, NULL, 1),
	(748, 1, 5546, NULL, 0, NULL, 0, NULL, 1),
	(749, 1, 5551, NULL, 0, NULL, 0, NULL, 1),
	(750, 1, 5564, NULL, 0, NULL, 0, NULL, 1),
	(751, 1, 5590, NULL, 0, NULL, 0, NULL, 1),
	(752, 1, 5600, NULL, 0, NULL, 0, NULL, 1),
	(753, 1, 5601, NULL, 0, NULL, 0, NULL, 1),
	(754, 1, 5610, NULL, 0, NULL, 0, NULL, 1),
	(755, 1, 5627, NULL, 0, NULL, 0, NULL, 1),
	(756, 1, 563, NULL, 0, NULL, 0, NULL, 1),
	(757, 1, 5666, NULL, 0, NULL, 0, NULL, 1),
	(758, 1, 5686, NULL, 0, NULL, 0, NULL, 1),
	(759, 1, 5714, NULL, 0, NULL, 0, NULL, 1),
	(760, 1, 5728, NULL, 0, NULL, 0, NULL, 1),
	(761, 1, 5730, NULL, 0, NULL, 0, NULL, 1),
	(762, 1, 5741, NULL, 0, NULL, 0, NULL, 1),
	(763, 1, 5803, NULL, 0, NULL, 0, NULL, 1),
	(764, 1, 5814, NULL, 0, NULL, 0, NULL, 1),
	(765, 1, 5815, NULL, 0, NULL, 0, NULL, 1),
	(766, 1, 5818, NULL, 0, NULL, 0, NULL, 1),
	(767, 1, 5853, NULL, 0, NULL, 0, NULL, 1),
	(768, 1, 5871, NULL, 0, NULL, 0, NULL, 1),
	(769, 1, 5877, NULL, 0, NULL, 0, NULL, 1),
	(770, 1, 5880, NULL, 0, NULL, 0, NULL, 1),
	(771, 1, 5881, NULL, 0, NULL, 0, NULL, 1),
	(772, 1, 5918, NULL, 0, NULL, 0, NULL, 1),
	(773, 1, 5929, NULL, 0, NULL, 0, NULL, 1),
	(774, 1, 5930, NULL, 0, NULL, 0, NULL, 1),
	(775, 1, 5931, NULL, 0, NULL, 0, NULL, 1),
	(776, 1, 5938, NULL, 0, NULL, 0, NULL, 1),
	(777, 1, 5942, NULL, 0, NULL, 0, NULL, 1),
	(778, 1, 5957, NULL, 0, NULL, 0, NULL, 1),
	(779, 1, 5959, NULL, 0, NULL, 0, NULL, 1),
	(780, 1, 5961, NULL, 0, NULL, 0, NULL, 1),
	(781, 1, 5962, NULL, 0, NULL, 0, NULL, 1),
	(782, 1, 5963, NULL, 0, NULL, 0, NULL, 1),
	(783, 1, 5982, NULL, 0, NULL, 0, NULL, 1),
	(784, 1, 5985, NULL, 0, NULL, 0, NULL, 1),
	(785, 1, 5995, NULL, 0, NULL, 0, NULL, 1),
	(786, 1, 5996, NULL, 0, NULL, 0, NULL, 1),
	(787, 1, 6, NULL, 0, NULL, 0, NULL, 1),
	(788, 1, 6025, NULL, 0, NULL, 0, NULL, 1),
	(789, 1, 6027, NULL, 0, NULL, 0, NULL, 1),
	(790, 1, 6030, NULL, 0, NULL, 0, NULL, 1),
	(791, 1, 6035, NULL, 0, NULL, 0, NULL, 1),
	(792, 1, 6045, NULL, 0, NULL, 0, NULL, 1),
	(793, 1, 61, NULL, 0, NULL, 0, NULL, 1),
	(794, 1, 6111, NULL, 0, NULL, 0, NULL, 1),
	(795, 1, 6112, NULL, 0, NULL, 0, NULL, 1),
	(796, 1, 6130, NULL, 0, NULL, 0, NULL, 1),
	(797, 1, 6132, NULL, 0, NULL, 0, NULL, 1),
	(798, 1, 6134, NULL, 0, NULL, 0, NULL, 1),
	(799, 1, 6135, NULL, 0, NULL, 0, NULL, 1),
	(800, 1, 6136, NULL, 0, NULL, 0, NULL, 1),
	(801, 1, 6145, NULL, 0, NULL, 0, NULL, 1),
	(802, 1, 6164, NULL, 0, NULL, 0, NULL, 1),
	(803, 1, 6165, NULL, 0, NULL, 0, NULL, 1),
	(804, 1, 6169, NULL, 0, NULL, 0, NULL, 1),
	(805, 1, 6175, NULL, 0, NULL, 0, NULL, 1),
	(806, 1, 6177, NULL, 0, NULL, 0, NULL, 1),
	(807, 1, 6178, NULL, 0, NULL, 0, NULL, 1),
	(808, 1, 6183, NULL, 0, NULL, 0, NULL, 1),
	(809, 1, 6184, NULL, 0, NULL, 0, NULL, 1),
	(810, 1, 6186, NULL, 0, NULL, 0, NULL, 1),
	(811, 1, 6188, NULL, 0, NULL, 0, NULL, 1),
	(812, 1, 6191, NULL, 0, NULL, 0, NULL, 1),
	(813, 1, 6194, NULL, 0, NULL, 0, NULL, 1),
	(814, 1, 6199, NULL, 0, NULL, 0, NULL, 1),
	(815, 1, 6202, NULL, 0, NULL, 0, NULL, 1),
	(816, 1, 6207, NULL, 0, NULL, 0, NULL, 1),
	(817, 1, 6327, NULL, 0, NULL, 0, NULL, 1),
	(818, 1, 6332, NULL, 0, NULL, 0, NULL, 1),
	(819, 1, 6351, NULL, 0, NULL, 0, NULL, 1),
	(820, 1, 6355, NULL, 0, NULL, 0, NULL, 1),
	(821, 1, 6356, NULL, 0, NULL, 0, NULL, 1),
	(822, 1, 6358, NULL, 0, NULL, 0, NULL, 1),
	(823, 1, 6359, NULL, 0, NULL, 0, NULL, 1),
	(824, 1, 6366, NULL, 0, NULL, 0, NULL, 1),
	(825, 1, 6368, NULL, 0, NULL, 0, NULL, 1),
	(826, 1, 6369, NULL, 0, NULL, 0, NULL, 1),
	(827, 1, 6372, NULL, 0, NULL, 0, NULL, 1),
	(828, 1, 6374, NULL, 0, NULL, 0, NULL, 1),
	(829, 1, 6378, NULL, 0, NULL, 0, NULL, 1),
	(830, 1, 6401, NULL, 0, NULL, 0, NULL, 1),
	(831, 1, 6407, NULL, 0, NULL, 0, NULL, 1),
	(832, 1, 6422, NULL, 0, NULL, 0, NULL, 1),
	(833, 1, 6429, NULL, 0, NULL, 0, NULL, 1),
	(834, 1, 6437, NULL, 0, NULL, 0, NULL, 1),
	(835, 1, 6438, NULL, 0, NULL, 0, NULL, 1),
	(836, 1, 6446, NULL, 0, NULL, 0, NULL, 1),
	(837, 1, 6447, NULL, 0, NULL, 0, NULL, 1),
	(838, 1, 6459, NULL, 0, NULL, 0, NULL, 1),
	(839, 1, 6460, NULL, 0, NULL, 0, NULL, 1),
	(840, 1, 6464, NULL, 0, NULL, 0, NULL, 1),
	(841, 1, 6465, NULL, 0, NULL, 0, NULL, 1),
	(842, 1, 6466, NULL, 0, NULL, 0, NULL, 1),
	(843, 1, 6467, NULL, 0, NULL, 0, NULL, 1),
	(844, 1, 6468, NULL, 0, NULL, 0, NULL, 1),
	(845, 1, 6469, NULL, 0, NULL, 0, NULL, 1),
	(846, 1, 6470, NULL, 0, NULL, 0, NULL, 1),
	(847, 1, 6471, NULL, 0, NULL, 0, NULL, 1),
	(848, 1, 6472, NULL, 0, NULL, 0, NULL, 1),
	(849, 1, 6505, NULL, 0, NULL, 0, NULL, 1),
	(850, 1, 6506, NULL, 0, NULL, 0, NULL, 1),
	(851, 1, 6517, NULL, 0, NULL, 0, NULL, 1),
	(852, 1, 6523, NULL, 0, NULL, 0, NULL, 1),
	(853, 1, 6538, NULL, 0, NULL, 0, NULL, 1),
	(854, 1, 6558, NULL, 0, NULL, 0, NULL, 1),
	(855, 1, 6564, NULL, 0, NULL, 0, NULL, 1),
	(856, 1, 6568, NULL, 0, NULL, 0, NULL, 1),
	(857, 1, 6582, NULL, 0, NULL, 0, NULL, 1),
	(858, 1, 6587, NULL, 0, NULL, 0, NULL, 1),
	(859, 1, 6599, NULL, 0, NULL, 0, NULL, 1),
	(860, 1, 6601, NULL, 0, NULL, 0, NULL, 1),
	(861, 1, 6603, NULL, 0, NULL, 0, NULL, 1),
	(862, 1, 6606, NULL, 0, NULL, 0, NULL, 1),
	(863, 1, 6610, NULL, 0, NULL, 0, NULL, 1),
	(864, 1, 6626, NULL, 0, NULL, 0, NULL, 1),
	(865, 1, 6627, NULL, 0, NULL, 0, NULL, 1),
	(866, 1, 6639, NULL, 0, NULL, 0, NULL, 1),
	(867, 1, 6642, NULL, 0, NULL, 0, NULL, 1),
	(868, 1, 6644, NULL, 0, NULL, 0, NULL, 1),
	(869, 1, 6646, NULL, 0, NULL, 0, NULL, 1),
	(870, 1, 6656, NULL, 0, NULL, 0, NULL, 1),
	(871, 1, 6901, NULL, 0, NULL, 0, NULL, 1),
	(872, 1, 6905, NULL, 0, NULL, 0, NULL, 1),
	(873, 1, 6932, NULL, 0, NULL, 0, NULL, 1),
	(874, 1, 6935, NULL, 0, NULL, 0, NULL, 1),
	(875, 1, 6937, NULL, 0, NULL, 0, NULL, 1),
	(876, 1, 6938, NULL, 0, NULL, 0, NULL, 1),
	(877, 1, 6943, NULL, 0, NULL, 0, NULL, 1),
	(878, 1, 6950, NULL, 0, NULL, 0, NULL, 1),
	(879, 1, 6954, NULL, 0, NULL, 0, NULL, 1),
	(880, 1, 6955, NULL, 0, NULL, 0, NULL, 1),
	(881, 1, 6956, NULL, 0, NULL, 0, NULL, 1),
	(882, 1, 6969, NULL, 0, NULL, 0, NULL, 1),
	(883, 1, 6976, NULL, 0, NULL, 0, NULL, 1),
	(884, 1, 6991, NULL, 0, NULL, 0, NULL, 1),
	(885, 1, 701, NULL, 0, NULL, 0, NULL, 1),
	(886, 1, 7033, NULL, 0, NULL, 0, NULL, 1),
	(887, 1, 7034, NULL, 0, NULL, 0, NULL, 1),
	(888, 1, 7059, NULL, 0, NULL, 0, NULL, 1),
	(889, 1, 7060, NULL, 0, NULL, 0, NULL, 1),
	(890, 1, 7061, NULL, 0, NULL, 0, NULL, 1),
	(891, 1, 7092, NULL, 0, NULL, 0, NULL, 1),
	(892, 1, 7129, NULL, 0, NULL, 0, NULL, 1),
	(893, 1, 7131, NULL, 0, NULL, 0, NULL, 1),
	(894, 1, 7137, NULL, 0, NULL, 0, NULL, 1),
	(895, 1, 7139, NULL, 0, NULL, 0, NULL, 1),
	(896, 1, 7142, NULL, 0, NULL, 0, NULL, 1),
	(897, 1, 7145, NULL, 0, NULL, 0, NULL, 1),
	(898, 1, 7148, NULL, 0, NULL, 0, NULL, 1),
	(899, 1, 7159, NULL, 0, NULL, 0, NULL, 1),
	(900, 1, 7163, NULL, 0, NULL, 0, NULL, 1),
	(901, 1, 7164, NULL, 0, NULL, 0, NULL, 1),
	(902, 1, 7166, NULL, 0, NULL, 0, NULL, 1),
	(903, 1, 7167, NULL, 0, NULL, 0, NULL, 1),
	(904, 1, 7168, NULL, 0, NULL, 0, NULL, 1),
	(905, 1, 7198, NULL, 0, NULL, 0, NULL, 1),
	(906, 1, 7282, NULL, 0, NULL, 0, NULL, 1),
	(907, 1, 7328, NULL, 0, NULL, 0, NULL, 1),
	(908, 1, 7329, NULL, 0, NULL, 0, NULL, 1),
	(909, 1, 7330, NULL, 0, NULL, 0, NULL, 1),
	(910, 1, 7352, NULL, 0, NULL, 0, NULL, 1),
	(911, 1, 7353, NULL, 0, NULL, 0, NULL, 1),
	(912, 1, 7401, NULL, 0, NULL, 0, NULL, 1),
	(913, 1, 7402, NULL, 0, NULL, 0, NULL, 1),
	(914, 1, 7403, NULL, 0, NULL, 0, NULL, 1),
	(915, 1, 7414, NULL, 0, NULL, 0, NULL, 1),
	(916, 1, 7423, NULL, 0, NULL, 0, NULL, 1),
	(917, 1, 7424, NULL, 0, NULL, 0, NULL, 1),
	(918, 1, 7425, NULL, 0, NULL, 0, NULL, 1),
	(919, 1, 7426, NULL, 0, NULL, 0, NULL, 1),
	(920, 1, 7427, NULL, 0, NULL, 0, NULL, 1),
	(921, 1, 7428, NULL, 0, NULL, 0, NULL, 1),
	(922, 1, 7429, NULL, 0, NULL, 0, NULL, 1),
	(923, 1, 7434, NULL, 0, NULL, 0, NULL, 1),
	(924, 1, 7437, NULL, 0, NULL, 0, NULL, 1),
	(925, 1, 7438, NULL, 0, NULL, 0, NULL, 1),
	(926, 1, 7444, NULL, 0, NULL, 0, NULL, 1),
	(927, 1, 7448, NULL, 0, NULL, 0, NULL, 1),
	(928, 1, 7459, NULL, 0, NULL, 0, NULL, 1),
	(929, 1, 7463, NULL, 0, NULL, 0, NULL, 1),
	(930, 1, 7465, NULL, 0, NULL, 0, NULL, 1),
	(931, 1, 7466, NULL, 0, NULL, 0, NULL, 1),
	(932, 1, 7484, NULL, 0, NULL, 0, NULL, 1),
	(933, 1, 7485, NULL, 0, NULL, 0, NULL, 1),
	(934, 1, 7486, NULL, 0, NULL, 0, NULL, 1),
	(935, 1, 7487, NULL, 0, NULL, 0, NULL, 1),
	(936, 1, 7488, NULL, 0, NULL, 0, NULL, 1),
	(937, 1, 7489, NULL, 0, NULL, 0, NULL, 1),
	(938, 1, 7492, NULL, 0, NULL, 0, NULL, 1),
	(939, 1, 7494, NULL, 0, NULL, 0, NULL, 1),
	(940, 1, 7495, NULL, 0, NULL, 0, NULL, 1),
	(941, 1, 7496, NULL, 0, NULL, 0, NULL, 1),
	(942, 1, 7497, NULL, 0, NULL, 0, NULL, 1),
	(943, 1, 7519, NULL, 0, NULL, 0, NULL, 1),
	(944, 1, 7522, NULL, 0, NULL, 0, NULL, 1),
	(945, 1, 7523, NULL, 0, NULL, 0, NULL, 1),
	(946, 1, 7530, NULL, 0, NULL, 0, NULL, 1),
	(947, 1, 7531, NULL, 0, NULL, 0, NULL, 1),
	(948, 1, 7533, NULL, 0, NULL, 0, NULL, 1),
	(949, 1, 7534, NULL, 0, NULL, 0, NULL, 1),
	(950, 1, 7535, NULL, 0, NULL, 0, NULL, 1),
	(951, 1, 7536, NULL, 0, NULL, 0, NULL, 1),
	(952, 1, 7551, NULL, 0, NULL, 0, NULL, 1),
	(953, 1, 7569, NULL, 0, NULL, 0, NULL, 1),
	(954, 1, 7572, NULL, 0, NULL, 0, NULL, 1),
	(955, 1, 7576, NULL, 0, NULL, 0, NULL, 1),
	(956, 1, 7581, NULL, 0, NULL, 0, NULL, 1),
	(957, 1, 7615, NULL, 0, NULL, 0, NULL, 1),
	(958, 1, 7617, NULL, 0, NULL, 0, NULL, 1),
	(959, 1, 7640, NULL, 0, NULL, 0, NULL, 1),
	(960, 1, 7644, NULL, 0, NULL, 0, NULL, 1),
	(961, 1, 7652, NULL, 0, NULL, 0, NULL, 1),
	(962, 1, 7659, NULL, 0, NULL, 0, NULL, 1),
	(963, 1, 7670, NULL, 0, NULL, 0, NULL, 1),
	(964, 1, 7672, NULL, 0, NULL, 0, NULL, 1),
	(965, 1, 7701, NULL, 0, NULL, 0, NULL, 1),
	(966, 1, 7764, NULL, 0, NULL, 0, NULL, 1),
	(967, 1, 7766, NULL, 0, NULL, 0, NULL, 1),
	(968, 1, 7767, NULL, 0, NULL, 0, NULL, 1),
	(969, 1, 7768, NULL, 0, NULL, 0, NULL, 1),
	(970, 1, 7773, NULL, 0, NULL, 0, NULL, 1),
	(971, 1, 7779, NULL, 0, NULL, 0, NULL, 1),
	(972, 1, 7780, NULL, 0, NULL, 0, NULL, 1),
	(973, 1, 7782, NULL, 0, NULL, 0, NULL, 1),
	(974, 1, 7790, NULL, 0, NULL, 0, NULL, 1),
	(975, 1, 7818, NULL, 0, NULL, 0, NULL, 1),
	(976, 1, 7821, NULL, 0, NULL, 0, NULL, 1),
	(977, 1, 7891, NULL, 0, NULL, 0, NULL, 1),
	(978, 1, 7911, NULL, 0, NULL, 0, NULL, 1),
	(979, 1, 7929, NULL, 0, NULL, 0, NULL, 1),
	(980, 1, 7936, NULL, 0, NULL, 0, NULL, 1),
	(981, 1, 7951, NULL, 0, NULL, 0, NULL, 1),
	(982, 1, 7989, NULL, 0, NULL, 0, NULL, 1),
	(983, 1, 8029, NULL, 0, NULL, 0, NULL, 1),
	(984, 1, 8033, NULL, 0, NULL, 0, NULL, 1),
	(985, 1, 8046, NULL, 0, NULL, 0, NULL, 1),
	(986, 1, 8052, NULL, 0, NULL, 0, NULL, 1),
	(987, 1, 8054, NULL, 0, NULL, 0, NULL, 1),
	(988, 1, 8061, NULL, 0, NULL, 0, NULL, 1),
	(989, 1, 8069, NULL, 0, NULL, 0, NULL, 1),
	(990, 1, 8101, NULL, 0, NULL, 0, NULL, 1),
	(991, 1, 8102, NULL, 0, NULL, 0, NULL, 1),
	(992, 1, 8104, NULL, 0, NULL, 0, NULL, 1),
	(993, 1, 8109, NULL, 0, NULL, 0, NULL, 1),
	(994, 1, 8112, NULL, 0, NULL, 0, NULL, 1),
	(995, 1, 8118, NULL, 0, NULL, 0, NULL, 1),
	(996, 1, 8135, NULL, 0, NULL, 0, NULL, 1),
	(997, 1, 8167, NULL, 0, NULL, 0, NULL, 1),
	(998, 1, 8168, NULL, 0, NULL, 0, NULL, 1),
	(999, 1, 8173, NULL, 0, NULL, 0, NULL, 1),
	(1000, 1, 8175, NULL, 0, NULL, 0, NULL, 1),
	(1001, 1, 8177, NULL, 0, NULL, 0, NULL, 1),
	(1002, 1, 8178, NULL, 0, NULL, 0, NULL, 1),
	(1003, 1, 8183, NULL, 0, NULL, 0, NULL, 1),
	(1004, 1, 8186, NULL, 0, NULL, 0, NULL, 1),
	(1005, 1, 8187, NULL, 0, NULL, 0, NULL, 1),
	(1006, 1, 8188, NULL, 0, NULL, 0, NULL, 1),
	(1007, 1, 8209, NULL, 0, NULL, 0, NULL, 1),
	(1008, 1, 8215, NULL, 0, NULL, 0, NULL, 1),
	(1009, 1, 8276, NULL, 0, NULL, 0, NULL, 1),
	(1010, 1, 8286, NULL, 0, NULL, 0, NULL, 1),
	(1011, 1, 8289, NULL, 0, NULL, 0, NULL, 1),
	(1012, 1, 8290, NULL, 0, NULL, 0, NULL, 1),
	(1013, 1, 8291, NULL, 0, NULL, 0, NULL, 1),
	(1014, 1, 8297, NULL, 0, NULL, 0, NULL, 1),
	(1015, 1, 8304, NULL, 0, NULL, 0, NULL, 1),
	(1016, 1, 8309, NULL, 0, NULL, 0, NULL, 1),
	(1017, 1, 8311, NULL, 0, NULL, 0, NULL, 1),
	(1018, 1, 8369, NULL, 0, NULL, 0, NULL, 1),
	(1019, 1, 8417, NULL, 0, NULL, 0, NULL, 1),
	(1020, 1, 842, NULL, 0, NULL, 0, NULL, 1),
	(1021, 1, 8421, NULL, 0, NULL, 0, NULL, 1),
	(1022, 1, 8424, NULL, 0, NULL, 0, NULL, 1),
	(1023, 1, 8425, NULL, 0, NULL, 0, NULL, 1),
	(1024, 1, 8433, NULL, 0, NULL, 0, NULL, 1),
	(1025, 1, 8434, NULL, 0, NULL, 0, NULL, 1),
	(1026, 1, 844, NULL, 0, NULL, 0, NULL, 1),
	(1027, 1, 8441, NULL, 0, NULL, 0, NULL, 1),
	(1028, 1, 8443, NULL, 0, NULL, 0, NULL, 1),
	(1029, 1, 8451, NULL, 0, NULL, 0, NULL, 1),
	(1030, 1, 8452, NULL, 0, NULL, 0, NULL, 1),
	(1031, 1, 8455, NULL, 0, NULL, 0, NULL, 1),
	(1032, 1, 8457, NULL, 0, NULL, 0, NULL, 1),
	(1033, 1, 8465, NULL, 0, NULL, 0, NULL, 1),
	(1034, 1, 8480, NULL, 0, NULL, 0, NULL, 1),
	(1035, 1, 8482, NULL, 0, NULL, 0, NULL, 1),
	(1036, 1, 8515, NULL, 0, NULL, 0, NULL, 1),
	(1037, 1, 8522, NULL, 0, NULL, 0, NULL, 1),
	(1038, 1, 8534, NULL, 0, NULL, 0, NULL, 1),
	(1039, 1, 8540, NULL, 0, NULL, 0, NULL, 1),
	(1040, 1, 8544, NULL, 0, NULL, 0, NULL, 1),
	(1041, 1, 8545, NULL, 0, NULL, 0, NULL, 1),
	(1042, 1, 8546, NULL, 0, NULL, 0, NULL, 1),
	(1043, 1, 8563, NULL, 0, NULL, 0, NULL, 1),
	(1044, 1, 8566, NULL, 0, NULL, 0, NULL, 1),
	(1045, 1, 8568, NULL, 0, NULL, 0, NULL, 1),
	(1046, 1, 8593, NULL, 0, NULL, 0, NULL, 1),
	(1047, 1, 8594, NULL, 0, NULL, 0, NULL, 1),
	(1048, 1, 8600, NULL, 0, NULL, 0, NULL, 1),
	(1049, 1, 8614, NULL, 0, NULL, 0, NULL, 1),
	(1050, 1, 866, NULL, 0, NULL, 0, NULL, 1),
	(1051, 1, 8801, NULL, 0, NULL, 0, NULL, 1),
	(1052, 1, 8849, NULL, 0, NULL, 0, NULL, 1),
	(1053, 1, 8856, NULL, 0, NULL, 0, NULL, 1),
	(1054, 1, 8870, NULL, 0, NULL, 0, NULL, 1),
	(1055, 1, 891, NULL, 0, NULL, 0, NULL, 1),
	(1056, 1, 8911, NULL, 0, NULL, 0, NULL, 1),
	(1057, 1, 8912, NULL, 0, NULL, 0, NULL, 1),
	(1058, 1, 8921, NULL, 0, NULL, 0, NULL, 1),
	(1059, 1, 8924, NULL, 0, NULL, 0, NULL, 1),
	(1060, 1, 8979, NULL, 0, NULL, 0, NULL, 1),
	(1061, 1, 8999, NULL, 0, NULL, 0, NULL, 1),
	(1062, 1, 9013, NULL, 0, NULL, 0, NULL, 1),
	(1063, 1, 9018, NULL, 0, NULL, 0, NULL, 1),
	(1064, 1, 9019, NULL, 0, NULL, 0, NULL, 1),
	(1065, 1, 9023, NULL, 0, NULL, 0, NULL, 1),
	(1066, 1, 9029, NULL, 0, NULL, 0, NULL, 1),
	(1067, 1, 9034, NULL, 0, NULL, 0, NULL, 1),
	(1068, 1, 9051, NULL, 0, NULL, 0, NULL, 1),
	(1069, 1, 9053, NULL, 0, NULL, 0, NULL, 1),
	(1070, 1, 9054, NULL, 0, NULL, 0, NULL, 1),
	(1071, 1, 9055, NULL, 0, NULL, 0, NULL, 1),
	(1072, 1, 9070, NULL, 0, NULL, 0, NULL, 1),
	(1073, 1, 9079, NULL, 0, NULL, 0, NULL, 1),
	(1074, 1, 9120, NULL, 0, NULL, 0, NULL, 1),
	(1075, 1, 9124, NULL, 0, NULL, 0, NULL, 1),
	(1076, 1, 9182, NULL, 0, NULL, 0, NULL, 1),
	(1077, 1, 9195, NULL, 0, NULL, 0, NULL, 1),
	(1078, 1, 9202, NULL, 0, NULL, 0, NULL, 1),
	(1079, 1, 9216, NULL, 0, NULL, 0, NULL, 1),
	(1080, 1, 9217, NULL, 0, NULL, 0, NULL, 1),
	(1081, 1, 9218, NULL, 0, NULL, 0, NULL, 1),
	(1082, 1, 9219, NULL, 0, NULL, 0, NULL, 1),
	(1083, 1, 9220, NULL, 0, NULL, 0, NULL, 1),
	(1084, 1, 9221, NULL, 0, NULL, 0, NULL, 1),
	(1085, 1, 9248, NULL, 0, NULL, 0, NULL, 1),
	(1086, 1, 9249, NULL, 0, NULL, 0, NULL, 1),
	(1087, 1, 9251, NULL, 0, NULL, 0, NULL, 1),
	(1088, 1, 9252, NULL, 0, NULL, 0, NULL, 1),
	(1089, 1, 9281, NULL, 0, NULL, 0, NULL, 1),
	(1090, 1, 9294, NULL, 0, NULL, 0, NULL, 1),
	(1091, 1, 9298, NULL, 0, NULL, 0, NULL, 1),
	(1092, 1, 9313, NULL, 0, NULL, 0, NULL, 1),
	(1093, 1, 9321, NULL, 0, NULL, 0, NULL, 1),
	(1094, 1, 944, NULL, 0, NULL, 0, NULL, 1),
	(1095, 1, 946, NULL, 0, NULL, 0, NULL, 1),
	(1096, 1, 966, NULL, 0, NULL, 0, NULL, 1),
	(1097, 1, 986, NULL, 0, NULL, 0, NULL, 1),
	(1098, 1, 993, NULL, 0, NULL, 0, NULL, 1),
	(1099, 1, 152, NULL, 0, NULL, 0, NULL, 3),
	(1100, 1, 153, NULL, 0, NULL, 0, NULL, 3),
	(1101, 1, 156, NULL, 0, NULL, 0, NULL, 3),
	(1102, 1, 208, NULL, 0, NULL, 0, NULL, 3),
	(1103, 1, 226, NULL, 0, NULL, 0, NULL, 3),
	(1104, 1, 309, NULL, 0, NULL, 0, NULL, 3),
	(1105, 1, 313, NULL, 0, NULL, 0, NULL, 3),
	(1106, 1, 341, NULL, 0, NULL, 0, NULL, 3),
	(1107, 1, 343, NULL, 0, NULL, 0, NULL, 3),
	(1108, 1, 370, NULL, 0, NULL, 0, NULL, 3),
	(1109, 1, 392, NULL, 0, NULL, 0, NULL, 3),
	(1110, 1, 393, NULL, 0, NULL, 0, NULL, 3),
	(1111, 1, 394, NULL, 0, NULL, 0, NULL, 3),
	(1112, 1, 487, NULL, 0, NULL, 0, NULL, 3),
	(1113, 1, 833, NULL, 0, NULL, 0, NULL, 3),
	(1114, 1, 967, NULL, 0, NULL, 0, NULL, 3),
	(1115, 1, 977, NULL, 0, NULL, 0, NULL, 3),
	(1116, 1, 1138, NULL, 0, NULL, 0, NULL, 3),
	(1117, 1, 1216, NULL, 0, NULL, 0, NULL, 3),
	(1118, 1, 1531, NULL, 0, NULL, 0, NULL, 3),
	(1119, 1, 2096, NULL, 0, NULL, 0, NULL, 3),
	(1120, 1, 2100, NULL, 0, NULL, 0, NULL, 3),
	(1121, 1, 2109, NULL, 0, NULL, 0, NULL, 3),
	(1122, 1, 3626, NULL, 0, NULL, 0, NULL, 3),
	(1123, 1, 3627, NULL, 0, NULL, 0, NULL, 3),
	(1124, 1, 3628, NULL, 0, NULL, 0, NULL, 3),
	(1125, 1, 3766, NULL, 0, NULL, 0, NULL, 3),
	(1126, 1, 3767, NULL, 0, NULL, 0, NULL, 3),
	(1127, 1, 5007, NULL, 0, NULL, 0, NULL, 3),
	(1128, 1, 5243, NULL, 0, NULL, 0, NULL, 3),
	(1129, 1, 5244, NULL, 0, NULL, 0, NULL, 3),
	(1130, 1, 5265, NULL, 0, NULL, 0, NULL, 3),
	(1131, 1, 5271, NULL, 0, NULL, 0, NULL, 3),
	(1132, 1, 5273, NULL, 0, NULL, 0, NULL, 3),
	(1133, 1, 5438, NULL, 0, NULL, 0, NULL, 3),
	(1134, 1, 6402, NULL, 0, NULL, 0, NULL, 3),
	(1135, 1, 6405, NULL, 0, NULL, 0, NULL, 3),
	(1136, 1, 6436, NULL, 0, NULL, 0, NULL, 3),
	(1137, 1, 6439, NULL, 0, NULL, 0, NULL, 3),
	(1138, 1, 6440, NULL, 0, NULL, 0, NULL, 3),
	(1139, 1, 6441, NULL, 0, NULL, 0, NULL, 3),
	(1140, 1, 6466, NULL, 0, NULL, 0, NULL, 3),
	(1141, 1, 6649, NULL, 0, NULL, 0, NULL, 3),
	(1142, 1, 8117, NULL, 0, NULL, 0, NULL, 3),
	(1143, 1, 10235, NULL, 0, NULL, 0, NULL, 3),
	(1144, 1, 10423, NULL, 0, NULL, 0, NULL, 3),
	(1145, 1, 10427, NULL, 0, NULL, 0, NULL, 3),
	(1146, 1, 10464, NULL, 0, NULL, 0, NULL, 3),
	(1147, 1, 10503, NULL, 0, NULL, 0, NULL, 3),
	(1148, 1, 10627, NULL, 0, NULL, 0, NULL, 3),
	(1149, 1, 10629, NULL, 0, NULL, 0, NULL, 3),
	(1150, 1, 11139, NULL, 0, NULL, 0, NULL, 3),
	(1151, 1, 11473, NULL, 0, NULL, 0, NULL, 3),
	(1152, 1, 11474, NULL, 0, NULL, 0, NULL, 3),
	(1153, 1, 11475, NULL, 0, NULL, 0, NULL, 3),
	(1154, 1, 11476, NULL, 0, NULL, 0, NULL, 3),
	(1155, 1, 11477, NULL, 0, NULL, 0, NULL, 3),
	(1156, 1, 11478, NULL, 0, NULL, 0, NULL, 3),
	(1157, 1, 24, NULL, 0, NULL, 0, NULL, 7),
	(1158, 1, 25, NULL, 0, NULL, 0, NULL, 7),
	(1159, 1, 26, NULL, 0, NULL, 0, NULL, 7),
	(1160, 1, 27, NULL, 0, NULL, 0, NULL, 7),
	(1161, 1, 28, NULL, 0, NULL, 0, NULL, 7),
	(1162, 1, 29, NULL, 0, NULL, 0, NULL, 7),
	(1163, 1, 150, NULL, 0, NULL, 0, NULL, 7),
	(1164, 1, 436, NULL, 0, NULL, 0, NULL, 7),
	(1165, 1, 438, NULL, 0, NULL, 0, NULL, 7),
	(1166, 1, 456, NULL, 0, NULL, 0, NULL, 7),
	(1167, 1, 457, NULL, 0, NULL, 0, NULL, 7),
	(1168, 1, 459, NULL, 0, NULL, 0, NULL, 7),
	(1169, 1, 460, NULL, 0, NULL, 0, NULL, 7),
	(1170, 1, 461, NULL, 0, NULL, 0, NULL, 7),
	(1171, 1, 462, NULL, 0, NULL, 0, NULL, 7),
	(1172, 1, 464, NULL, 0, NULL, 0, NULL, 7),
	(1173, 1, 571, NULL, 0, NULL, 0, NULL, 7),
	(1174, 1, 588, NULL, 0, NULL, 0, NULL, 7),
	(1175, 1, 650, NULL, 0, NULL, 0, NULL, 7),
	(1176, 1, 713, NULL, 0, NULL, 0, NULL, 7),
	(1177, 1, 715, NULL, 0, NULL, 0, NULL, 7),
	(1178, 1, 717, NULL, 0, NULL, 0, NULL, 7),
	(1179, 1, 718, NULL, 0, NULL, 0, NULL, 7),
	(1180, 1, 726, NULL, 0, NULL, 0, NULL, 7),
	(1181, 1, 730, NULL, 0, NULL, 0, NULL, 7),
	(1182, 1, 741, NULL, 0, NULL, 0, NULL, 7),
	(1183, 1, 945, NULL, 0, NULL, 0, NULL, 7),
	(1184, 1, 954, NULL, 0, NULL, 0, NULL, 7),
	(1185, 1, 955, NULL, 0, NULL, 0, NULL, 7),
	(1186, 1, 956, NULL, 0, NULL, 0, NULL, 7),
	(1187, 1, 957, NULL, 0, NULL, 0, NULL, 7),
	(1188, 1, 958, NULL, 0, NULL, 0, NULL, 7),
	(1189, 1, 967, NULL, 0, NULL, 0, NULL, 7),
	(1190, 1, 977, NULL, 0, NULL, 0, NULL, 7),
	(1191, 1, 1018, NULL, 0, NULL, 0, NULL, 7),
	(1192, 1, 1026, NULL, 0, NULL, 0, NULL, 7),
	(1193, 1, 1027, NULL, 0, NULL, 0, NULL, 7),
	(1194, 1, 1031, NULL, 0, NULL, 0, NULL, 7),
	(1195, 1, 1093, NULL, 0, NULL, 0, NULL, 7),
	(1196, 1, 1267, NULL, 0, NULL, 0, NULL, 7),
	(1197, 1, 1273, NULL, 0, NULL, 0, NULL, 7),
	(1198, 1, 1277, NULL, 0, NULL, 0, NULL, 7),
	(1199, 1, 1286, NULL, 0, NULL, 0, NULL, 7),
	(1200, 1, 2009, NULL, 0, NULL, 0, NULL, 7),
	(1201, 1, 2011, NULL, 0, NULL, 0, NULL, 7),
	(1202, 1, 2012, NULL, 0, NULL, 0, NULL, 7),
	(1203, 1, 2044, NULL, 0, NULL, 0, NULL, 7),
	(1204, 1, 2046, NULL, 0, NULL, 0, NULL, 7),
	(1205, 1, 2084, NULL, 0, NULL, 0, NULL, 7),
	(1206, 1, 2085, NULL, 0, NULL, 0, NULL, 7),
	(1207, 1, 3609, NULL, 0, NULL, 0, NULL, 7),
	(1208, 1, 3616, NULL, 0, NULL, 0, NULL, 7),
	(1209, 1, 3630, NULL, 0, NULL, 0, NULL, 7),
	(1210, 1, 3631, NULL, 0, NULL, 0, NULL, 7),
	(1211, 1, 3632, NULL, 0, NULL, 0, NULL, 7),
	(1212, 1, 3633, NULL, 0, NULL, 0, NULL, 7),
	(1213, 1, 3643, NULL, 0, NULL, 0, NULL, 7),
	(1214, 1, 3647, NULL, 0, NULL, 0, NULL, 7),
	(1215, 1, 3681, NULL, 0, NULL, 0, NULL, 7),
	(1216, 1, 3682, NULL, 0, NULL, 0, NULL, 7),
	(1217, 1, 3690, NULL, 0, NULL, 0, NULL, 7),
	(1218, 1, 3692, NULL, 0, NULL, 0, NULL, 7),
	(1219, 1, 3693, NULL, 0, NULL, 0, NULL, 7),
	(1220, 1, 3696, NULL, 0, NULL, 0, NULL, 7),
	(1221, 1, 3698, NULL, 0, NULL, 0, NULL, 7),
	(1222, 1, 3699, NULL, 0, NULL, 0, NULL, 7),
	(1223, 1, 3824, NULL, 0, NULL, 0, NULL, 7),
	(1224, 1, 3825, NULL, 0, NULL, 0, NULL, 7),
	(1225, 1, 3826, NULL, 0, NULL, 0, NULL, 7),
	(1226, 1, 3827, NULL, 0, NULL, 0, NULL, 7),
	(1227, 1, 4035, NULL, 0, NULL, 0, NULL, 7),
	(1228, 1, 4040, NULL, 0, NULL, 0, NULL, 7),
	(1229, 1, 4045, NULL, 0, NULL, 0, NULL, 7),
	(1230, 1, 4080, NULL, 0, NULL, 0, NULL, 7),
	(1231, 1, 4082, NULL, 0, NULL, 0, NULL, 7),
	(1232, 1, 4083, NULL, 0, NULL, 0, NULL, 7),
	(1233, 1, 4095, NULL, 0, NULL, 0, NULL, 7),
	(1234, 1, 4097, NULL, 0, NULL, 0, NULL, 7),
	(1235, 1, 4098, NULL, 0, NULL, 0, NULL, 7),
	(1236, 1, 4100, NULL, 0, NULL, 0, NULL, 7),
	(1237, 1, 4101, NULL, 0, NULL, 0, NULL, 7),
	(1238, 1, 4102, NULL, 0, NULL, 0, NULL, 7),
	(1239, 1, 4103, NULL, 0, NULL, 0, NULL, 7),
	(1240, 1, 4105, NULL, 0, NULL, 0, NULL, 7),
	(1241, 1, 4106, NULL, 0, NULL, 0, NULL, 7),
	(1242, 1, 4109, NULL, 0, NULL, 0, NULL, 7),
	(1243, 1, 4119, NULL, 0, NULL, 0, NULL, 7),
	(1244, 1, 4121, NULL, 0, NULL, 0, NULL, 7),
	(1245, 1, 4124, NULL, 0, NULL, 0, NULL, 7),
	(1246, 1, 4125, NULL, 0, NULL, 0, NULL, 7),
	(1247, 1, 4133, NULL, 0, NULL, 0, NULL, 7),
	(1248, 1, 4141, NULL, 0, NULL, 0, NULL, 7),
	(1249, 1, 4147, NULL, 0, NULL, 0, NULL, 7),
	(1250, 1, 4392, NULL, 0, NULL, 0, NULL, 7),
	(1251, 1, 5046, NULL, 0, NULL, 0, NULL, 7),
	(1252, 1, 5054, NULL, 0, NULL, 0, NULL, 7),
	(1253, 1, 5218, NULL, 0, NULL, 0, NULL, 7),
	(1254, 1, 5248, NULL, 0, NULL, 0, NULL, 7),
	(1255, 1, 5249, NULL, 0, NULL, 0, NULL, 7),
	(1256, 1, 5304, NULL, 0, NULL, 0, NULL, 7),
	(1257, 1, 5317, NULL, 0, NULL, 0, NULL, 7),
	(1258, 1, 5343, NULL, 0, NULL, 0, NULL, 7),
	(1259, 1, 5351, NULL, 0, NULL, 0, NULL, 7),
	(1260, 1, 5639, NULL, 0, NULL, 0, NULL, 7),
	(1261, 1, 5643, NULL, 0, NULL, 0, NULL, 7),
	(1262, 1, 5647, NULL, 0, NULL, 0, NULL, 7),
	(1263, 1, 5648, NULL, 0, NULL, 0, NULL, 7),
	(1264, 1, 5651, NULL, 0, NULL, 0, NULL, 7),
	(1265, 1, 5652, NULL, 0, NULL, 0, NULL, 7),
	(1266, 1, 5710, NULL, 0, NULL, 0, NULL, 7),
	(1267, 1, 5717, NULL, 0, NULL, 0, NULL, 7),
	(1268, 1, 5718, NULL, 0, NULL, 0, NULL, 7),
	(1269, 1, 5719, NULL, 0, NULL, 0, NULL, 7),
	(1270, 1, 5806, NULL, 0, NULL, 0, NULL, 7),
	(1271, 1, 5807, NULL, 0, NULL, 0, NULL, 7),
	(1272, 1, 5808, NULL, 0, NULL, 0, NULL, 7),
	(1273, 1, 5820, NULL, 0, NULL, 0, NULL, 7),
	(1274, 1, 5954, NULL, 0, NULL, 0, NULL, 7),
	(1275, 1, 6022, NULL, 0, NULL, 0, NULL, 7),
	(1276, 1, 6304, NULL, 0, NULL, 0, NULL, 7),
	(1277, 1, 6331, NULL, 0, NULL, 0, NULL, 7),
	(1278, 1, 6360, NULL, 0, NULL, 0, NULL, 7),
	(1279, 1, 6361, NULL, 0, NULL, 0, NULL, 7),
	(1280, 1, 6363, NULL, 0, NULL, 0, NULL, 7),
	(1281, 1, 6375, NULL, 0, NULL, 0, NULL, 7),
	(1282, 1, 6376, NULL, 0, NULL, 0, NULL, 7),
	(1283, 1, 6377, NULL, 0, NULL, 0, NULL, 7),
	(1284, 1, 6379, NULL, 0, NULL, 0, NULL, 7),
	(1285, 1, 6381, NULL, 0, NULL, 0, NULL, 7),
	(1286, 1, 6382, NULL, 0, NULL, 0, NULL, 7),
	(1287, 1, 6385, NULL, 0, NULL, 0, NULL, 7),
	(1288, 1, 6406, NULL, 0, NULL, 0, NULL, 7),
	(1289, 1, 6407, NULL, 0, NULL, 0, NULL, 7),
	(1290, 1, 6408, NULL, 0, NULL, 0, NULL, 7),
	(1291, 1, 6411, NULL, 0, NULL, 0, NULL, 7),
	(1292, 1, 6418, NULL, 0, NULL, 0, NULL, 7),
	(1293, 1, 6419, NULL, 0, NULL, 0, NULL, 7),
	(1294, 1, 6421, NULL, 0, NULL, 0, NULL, 7),
	(1295, 1, 6634, NULL, 0, NULL, 0, NULL, 7),
	(1296, 1, 6657, NULL, 0, NULL, 0, NULL, 7),
	(1297, 1, 7007, NULL, 0, NULL, 0, NULL, 7),
	(1298, 1, 7020, NULL, 0, NULL, 0, NULL, 7),
	(1299, 1, 7048, NULL, 0, NULL, 0, NULL, 7),
	(1300, 1, 7052, NULL, 0, NULL, 0, NULL, 7),
	(1301, 1, 7055, NULL, 0, NULL, 0, NULL, 7),
	(1302, 1, 7087, NULL, 0, NULL, 0, NULL, 7),
	(1303, 1, 7249, NULL, 0, NULL, 0, NULL, 7),
	(1304, 1, 7261, NULL, 0, NULL, 0, NULL, 7),
	(1305, 1, 7262, NULL, 0, NULL, 0, NULL, 7),
	(1306, 1, 7604, NULL, 0, NULL, 0, NULL, 7),
	(1307, 1, 7605, NULL, 0, NULL, 0, NULL, 7),
	(1308, 1, 7607, NULL, 0, NULL, 0, NULL, 7),
	(1309, 1, 7611, NULL, 0, NULL, 0, NULL, 7),
	(1310, 1, 7613, NULL, 0, NULL, 0, NULL, 7),
	(1311, 1, 7633, NULL, 0, NULL, 0, NULL, 7),
	(1312, 1, 7634, NULL, 0, NULL, 0, NULL, 7),
	(1313, 1, 7635, NULL, 0, NULL, 0, NULL, 7),
	(1314, 1, 7784, NULL, 0, NULL, 0, NULL, 7),
	(1315, 1, 7785, NULL, 0, NULL, 0, NULL, 7),
	(1316, 1, 7786, NULL, 0, NULL, 0, NULL, 7),
	(1317, 1, 7787, NULL, 0, NULL, 0, NULL, 7),
	(1318, 1, 8008, NULL, 0, NULL, 0, NULL, 7),
	(1319, 1, 8093, NULL, 0, NULL, 0, NULL, 7),
	(1320, 1, 8096, NULL, 0, NULL, 0, NULL, 7),
	(1321, 1, 8103, NULL, 0, NULL, 0, NULL, 7),
	(1322, 1, 8149, NULL, 0, NULL, 0, NULL, 7),
	(1323, 1, 8150, NULL, 0, NULL, 0, NULL, 7),
	(1324, 1, 8207, NULL, 0, NULL, 0, NULL, 7),
	(1325, 1, 8211, NULL, 0, NULL, 0, NULL, 7),
	(1326, 1, 8270, NULL, 0, NULL, 0, NULL, 7),
	(1327, 1, 8322, NULL, 0, NULL, 0, NULL, 7),
	(1328, 1, 8328, NULL, 0, NULL, 0, NULL, 7),
	(1329, 1, 8330, NULL, 0, NULL, 0, NULL, 7),
	(1330, 1, 8331, NULL, 0, NULL, 0, NULL, 7),
	(1331, 1, 8333, NULL, 0, NULL, 0, NULL, 7),
	(1332, 1, 8334, NULL, 0, NULL, 0, NULL, 7),
	(1333, 1, 8338, NULL, 0, NULL, 0, NULL, 7),
	(1334, 1, 8345, NULL, 0, NULL, 0, NULL, 7),
	(1335, 1, 8363, NULL, 0, NULL, 0, NULL, 7),
	(1336, 1, 8365, NULL, 0, NULL, 0, NULL, 7),
	(1337, 1, 8366, NULL, 0, NULL, 0, NULL, 7),
	(1338, 1, 8944, NULL, 0, NULL, 0, NULL, 7),
	(1339, 1, 10205, NULL, 0, NULL, 0, NULL, 7),
	(1340, 1, 10211, NULL, 0, NULL, 0, NULL, 7),
	(1341, 1, 10212, NULL, 0, NULL, 0, NULL, 7),
	(1342, 1, 10213, NULL, 0, NULL, 0, NULL, 7),
	(1343, 1, 10214, NULL, 0, NULL, 0, NULL, 7),
	(1344, 1, 10215, NULL, 0, NULL, 0, NULL, 7),
	(1345, 1, 10216, NULL, 0, NULL, 0, NULL, 7),
	(1346, 1, 10217, NULL, 0, NULL, 0, NULL, 7),
	(1347, 1, 10218, NULL, 0, NULL, 0, NULL, 7),
	(1348, 1, 10222, NULL, 0, NULL, 0, NULL, 7),
	(1349, 1, 10223, NULL, 0, NULL, 0, NULL, 7),
	(1350, 1, 10271, NULL, 0, NULL, 0, NULL, 7),
	(1351, 1, 10274, NULL, 0, NULL, 0, NULL, 7),
	(1352, 1, 10277, NULL, 0, NULL, 0, NULL, 7),
	(1353, 1, 10278, NULL, 0, NULL, 0, NULL, 7),
	(1354, 1, 10279, NULL, 0, NULL, 0, NULL, 7),
	(1355, 1, 10282, NULL, 0, NULL, 0, NULL, 7),
	(1356, 1, 10285, NULL, 0, NULL, 0, NULL, 7),
	(1357, 1, 10287, NULL, 0, NULL, 0, NULL, 7),
	(1358, 1, 10289, NULL, 0, NULL, 0, NULL, 7),
	(1359, 1, 10290, NULL, 0, NULL, 0, NULL, 7),
	(1360, 1, 10291, NULL, 0, NULL, 0, NULL, 7),
	(1361, 1, 10700, NULL, 0, NULL, 0, NULL, 7),
	(1362, 1, 10705, NULL, 0, NULL, 0, NULL, 7),
	(1363, 1, 10707, NULL, 0, NULL, 0, NULL, 7),
	(1364, 1, 11021, NULL, 0, NULL, 0, NULL, 7),
	(1365, 1, 11058, NULL, 0, NULL, 0, NULL, 7),
	(1366, 1, 11067, NULL, 0, NULL, 0, NULL, 7),
	(1367, 1, 11069, NULL, 0, NULL, 0, NULL, 7),
	(1368, 1, 11077, NULL, 0, NULL, 0, NULL, 7),
	(1369, 1, 11079, NULL, 0, NULL, 0, NULL, 7),
	(1370, 1, 11140, NULL, 0, NULL, 0, NULL, 7),
	(1371, 1, 11146, NULL, 0, NULL, 0, NULL, 7),
	(1372, 1, 11147, NULL, 0, NULL, 0, NULL, 7),
	(1373, 1, 11148, NULL, 0, NULL, 0, NULL, 7),
	(1374, 1, 11149, NULL, 0, NULL, 0, NULL, 7),
	(1375, 1, 11150, NULL, 0, NULL, 0, NULL, 7),
	(1376, 1, 11156, NULL, 0, NULL, 0, NULL, 7),
	(1377, 1, 11160, NULL, 0, NULL, 0, NULL, 7),
	(1378, 1, 11161, NULL, 0, NULL, 0, NULL, 7),
	(1379, 1, 11162, NULL, 0, NULL, 0, NULL, 7);

-- Dumping structure for table gichecker.interest
CREATE TABLE IF NOT EXISTS `interest` (
  `interest_id` int(11) NOT NULL AUTO_INCREMENT,
  `interest_name` varchar(120) DEFAULT NULL,
  PRIMARY KEY (`interest_id`) USING BTREE,
  KEY `id` (`interest_id`) USING BTREE
) ENGINE=MyISAM AUTO_INCREMENT=9 DEFAULT CHARSET=utf8 COMMENT='interest list';

-- Dumping data for table gichecker.interest: 8 rows
/*!40000 ALTER TABLE `interest` DISABLE KEYS */;
REPLACE INTO `interest` (`interest_id`, `interest_name`) VALUES
	(1, '  ( )'),
	(2, '  ( )'),
	(3, '  ( )'),
	(4, '  ( )'),
	(5, '  ( )'),
	(6, '  ( )'),
	(7, ' '),
	(8, ' ');
/*!40000 ALTER TABLE `interest` ENABLE KEYS */;

-- Dumping structure for table gichecker.mouja
CREATE TABLE IF NOT EXISTS `mouja` (
  `id` int(11) NOT NULL AUTO_INCREMENT,
  `name` varchar(120) COLLATE utf8mb4_unicode_ci DEFAULT NULL,
  `sa_jl` int(11) DEFAULT NULL,
  `bs_jl` int(11) DEFAULT NULL,
  PRIMARY KEY (`id`),
  UNIQUE KEY `id` (`id`)
) ENGINE=MyISAM AUTO_INCREMENT=30 DEFAULT CHARSET=utf8mb4 COLLATE=utf8mb4_unicode_ci COMMENT='jl list ';

-- Dumping data for table gichecker.mouja: 29 rows
/*!40000 ALTER TABLE `mouja` DISABLE KEYS */;
REPLACE INTO `mouja` (`id`, `name`, `sa_jl`, `bs_jl`) VALUES
	(1, '', 91, NULL),
	(2, '', 116, 6),
	(3, '', 113, 7),
	(4, '', 114, 9),
	(5, '', 115, 8),
	(6, '', 126, 10),
	(7, '', 107, 14),
	(8, '', 10, 13),
	(9, '', 109, 12),
	(10, '', 110, NULL),
	(11, '', 80, NULL),
	(12, '', 81, 37),
	(13, ' ', 82, 36),
	(14, '', 88, NULL),
	(15, ' ', 77, NULL),
	(16, '', 90, NULL),
	(17, '  ', 76, 73),
	(18, '', 92, NULL),
	(19, '', 95, NULL),
	(20, '', 96, NULL),
	(21, '', 102, 85),
	(22, '  ', 93, NULL),
	(23, '  ', 98, NULL),
	(24, '', 99, NULL),
	(25, ' ', 101, 84),
	(26, ' ', 100, 83),
	(27, '', 97, NULL),
	(28, '', 111, NULL),
	(29, '', 112, 77);
/*!40000 ALTER TABLE `mouja` ENABLE KEYS */;

-- Dumping structure for table gichecker.settings
CREATE TABLE IF NOT EXISTS `settings` (
  `field_name` varchar(120) COLLATE utf8mb4_unicode_ci DEFAULT '  ',
  `field_value` varchar(120) COLLATE utf8mb4_unicode_ci DEFAULT '  '
) ENGINE=MyISAM DEFAULT CHARSET=utf8mb4 COLLATE=utf8mb4_unicode_ci;

-- Dumping data for table gichecker.settings: 1 rows
/*!40000 ALTER TABLE `settings` DISABLE KEYS */;
REPLACE INTO `settings` (`field_name`, `field_value`) VALUES
	('office_name', '   ');
/*!40000 ALTER TABLE `settings` ENABLE KEYS */;

-- Dumping structure for table gichecker.users
CREATE TABLE IF NOT EXISTS `users` (
  `id` int(11) NOT NULL AUTO_INCREMENT,
  `username` varchar(50) NOT NULL,
  `password` varchar(255) NOT NULL,
  `email` varchar(64) DEFAULT NULL,
  `officer_name` varchar(150) DEFAULT NULL,
  `officer_designation` varchar(150) DEFAULT NULL,
  `created_at` datetime DEFAULT CURRENT_TIMESTAMP,
  PRIMARY KEY (`id`),
  UNIQUE KEY `username` (`username`)
) ENGINE=MyISAM AUTO_INCREMENT=3 DEFAULT CHARSET=utf8;

-- Dumping data for table gichecker.users: 1 rows
/*!40000 ALTER TABLE `users` DISABLE KEYS */;
REPLACE INTO `users` (`id`, `username`, `password`, `email`, `officer_name`, `officer_designation`, `created_at`) VALUES
	(2, 'admin', '$2y$10$iAin4aW/BZpNNVmzJ9uaKuZzcrAynqg0HznusLZqNXB5HfQxJY.qq', NULL, ' ', '  ()', '2022-04-21 18:29:14');
/*!40000 ALTER TABLE `users` ENABLE KEYS */;

/*!40103 SET TIME_ZONE=IFNULL(@OLD_TIME_ZONE, 'system') */;
/*!40101 SET SQL_MODE=IFNULL(@OLD_SQL_MODE, '') */;
/*!40014 SET FOREIGN_KEY_CHECKS=IFNULL(@OLD_FOREIGN_KEY_CHECKS, 1) */;
/*!40101 SET CHARACTER_SET_CLIENT=@OLD_CHARACTER_SET_CLIENT */;
/*!40111 SET SQL_NOTES=IFNULL(@OLD_SQL_NOTES, 1) */;
